paper_id,source_id
P00001,S00001
P00002,S00001
P00003,S00001
P00004,S00001
P00005,S00001
P00006,S00001
P00007,S00001
P00008,S00001
P00009,S00001
P00010,S00001
P00011,S00001
P00012,S00001
P00013,S00001
P00014,S00001
P00015,S00001
P00016,S00001
P00017,S00001
P00018,S00001
P00019,S00001
P00020,S00001
P00021,S00001
P00022,S00001
P00023,S00001
P00024,S00001
P00025,S00001
P00026,S00001
P00027,S00001
P00028,S00001
P00029,S00001
P00030,S00001
P00031,S00001
P00032,S00001
P00033,S00001
P00034,S00001
P00035,S00001
P00036,S00001
P00037,S00001
P00038,S00001
P00039,S00001
P00040,S00001
P00041,S00001
P00042,S00001
P00043,S00001
P00044,S00001
P00045,S00001
P00046,S00001
P00047,S00001
P00048,S00001
P00049,S00001
P00050,S00001
P00051,S00001
P00052,S00001
P00053,S00001
P00054,S00001
P00055,S00001
P00056,S00001
P00057,S00001
P00058,S00001
P00059,S00001
P00060,S00001
P00061,S00001
P00062,S00001
P00063,S00001
P00064,S00001
P00065,S00001
P00066,S00001
P00067,S00001
P00068,S00001
P00069,S00001
P00070,S00001
P00071,S00001
P00072,S00001
P00073,S00001
P00074,S00001
P00075,S00001
P00076,S00001
P00077,S00001
P00078,S00001
P00079,S00001
P00080,S00001
P00081,S00001
P00082,S00001
P00083,S00001
P00084,S00001
P00085,S00001
P00086,S00001
P00087,S00001
P00088,S00001
P00089,S00001
P00090,S00001
P00091,S00001
P00092,S00001
P00093,S00001
P00094,S00001
P00095,S00001
P00096,S00001
P00097,S00001
P00098,S00001
P00099,S00001
P00100,S00001
P00101,S00001
P00102,S00001
P00103,S00001
P00104,S00001
P00105,S00001
P00106,S00001
P00107,S00001
P00108,S00001
P00109,S00001
P00110,S00001
P00111,S00001
P00112,S00001
P00113,S00001
P00114,S00001
P00115,S00001
P00116,S00001
P00117,S00001
P00118,S00001
P00119,S00001
P00120,S00001
P00121,S00001
P00122,S00001
P00123,S00001
P00124,S00001
P00125,S00001
P00126,S00001
P00127,S00001
P00128,S00001
P00129,S00001
P00130,S00001
P00131,S00001
P00132,S00001
P00133,S00001
P00134,S00001
P00135,S00001
P00136,S00001
P00137,S00001
P00138,S00001
P00139,S00001
P00140,S00001
P00141,S00001
P00142,S00001
P00143,S00001
P00144,S00001
P00145,S00001
P00146,S00001
P00147,S00001
P00148,S00001
P00149,S00001
P00150,S00001
P00151,S00001
P00152,S00001
P00153,S00001
P00154,S00001
P00155,S00001
P00156,S00001
P00157,S00001
P00158,S00001
P00159,S00001
P00160,S00001
P00161,S00001
P00162,S00001
P00163,S00001
P00164,S00001
P00165,S00001
P00166,S00001
P00167,S00001
P00168,S00001
P00169,S00001
P00170,S00001
P00171,S00001
P00172,S00001
P00173,S00001
P00174,S00001
P00175,S00001
P00176,S00001
P00177,S00001
P00178,S00001
P00179,S00001
P00180,S00001
P00181,S00001
P00182,S00001
P00183,S00001
P00184,S00001
P00185,S00001
P00186,S00001
P00187,S00001
P00188,S00001
P00189,S00001
P00190,S00001
P00191,S00001
P00192,S00001
P00193,S00001
P00194,S00001
P00195,S00001
P00196,S00001
P00197,S00001
P00198,S00001
P00199,S00001
P00200,S00001
P00201,S00001
P00202,S00001
P00203,S00001
P00204,S00001
P00205,S00001
P00206,S00001
P00207,S00001
P00208,S00001
P00209,S00001
P00210,S00001
P00211,S00001
P00212,S00001
P00213,S00001
P00214,S00001
P00215,S00001
P00216,S00001
P00217,S00001
P00218,S00001
P00219,S00001
P00220,S00001
P00221,S00001
P00222,S00001
P00223,S00001
P00224,S00001
P00225,S00001
P00226,S00001
P00227,S00001
P00228,S00001
P00229,S00001
P00230,S00001
P00231,S00001
P00232,S00001
P00233,S00001
P00234,S00001
P00235,S00001
P00236,S00001
P00237,S00001
P00238,S00001
P00239,S00001
P00240,S00001
P00241,S00001
P00242,S00001
P00243,S00001
P00244,S00001
P00245,S00001
P00246,S00001
P00247,S00001
P00248,S00001
P00249,S00001
P00250,S00001
P00251,S00001
P00252,S00001
P00253,S00001
P00254,S00001
P00255,S00001
P00256,S00001
P00257,S00001
P00258,S00001
P00259,S00001
P00260,S00001
P00261,S00001
P00262,S00001
P00263,S00001
P00264,S00001
P00265,S00001
P00266,S00001
P00267,S00001
P00268,S00001
P00269,S00001
P00270,S00001
P00271,S00001
P00272,S00001
P00273,S00001
P00274,S00001
P00275,S00001
P00276,S00001
P00277,S00001
P00278,S00001
P00279,S00001
P00280,S00001
P00281,S00001
P00282,S00001
P00283,S00001
P00284,S00001
P00285,S00001
P00286,S00001
P00287,S00001
P00288,S00001
P00289,S00001
P00290,S00001
P00291,S00001
P00292,S00001
P00293,S00001
P00294,S00001
P00295,S00001
P00296,S00001
P00297,S00001
P00298,S00001
P00299,S00001
P00300,S00001
P00301,S00001
P00302,S00001
P00303,S00001
P00304,S00001
P00305,S00001
P00306,S00001
P00307,S00001
P00308,S00001
P00309,S00001
P00310,S00001
P00311,S00001
P00312,S00001
P00313,S00001
P00314,S00001
P00315,S00001
P00316,S00001
P00317,S00001
P00318,S00001
P00319,S00001
P00320,S00001
P00321,S00001
P00322,S00001
P00323,S00001
P00324,S00001
P00325,S00001
P00326,S00001
P00327,S00001
P00328,S00001
P00329,S00001
P00330,S00001
P00331,S00001
P00332,S00001
P00333,S00001
P00334,S00001
P00335,S00001
P00336,S00001
P00337,S00001
P00338,S00001
P00339,S00001
P00340,S00001
P00341,S00001
P00342,S00001
P00343,S00001
P00344,S00001
P00345,S00001
P00346,S00001
P00347,S00001
P00348,S00001
P00349,S00001
P00350,S00001
P00351,S00001
P00352,S00001
P00353,S00001
P00354,S00001
P00355,S00001
P00356,S00001
P00357,S00001
P00358,S00001
P00359,S00001
P00360,S00001
P00361,S00001
P00362,S00001
P00363,S00001
P00364,S00001
P00365,S00001
P00366,S00001
P00367,S00001
P00368,S00001
P00369,S00001
P00370,S00001
P00371,S00001
P00372,S00001
P00373,S00001
P00374,S00001
P00375,S00001
P00376,S00001
P00377,S00001
P00378,S00001
P00379,S00001
P00380,S00001
P00381,S00001
P00382,S00001
P00383,S00001
P00384,S00001
P00385,S00001
P00386,S00001
P00387,S00001
P00388,S00001
P00389,S00001
P00390,S00001
P00391,S00001
P00392,S00001
P00393,S00001
P00394,S00001
P00395,S00001
P00396,S00001
P00397,S00001
P00398,S00001
P00399,S00001
P00400,S00001
P00401,S00001
P00402,S00001
P00403,S00001
P00404,S00001
P00405,S00001
P00406,S00001
P00407,S00001
P00408,S00001
P00409,S00001
P00410,S00001
P00411,S00001
P00412,S00001
P00413,S00001
P00414,S00001
P00415,S00001
P00416,S00001
P00417,S00001
P00418,S00001
P00419,S00001
P00420,S00001
P00421,S00001
P00422,S00001
P00423,S00001
P00424,S00001
P00425,S00001
P00426,S00001
P00427,S00001
P00428,S00001
P00429,S00001
P00430,S00001
P00431,S00001
P00432,S00001
P00433,S00001
P00434,S00001
P00435,S00001
P00436,S00001
P00437,S00001
P00438,S00001
P00439,S00001
P00440,S00001
P00441,S00001
P00442,S00001
P00443,S00001
P00444,S00001
P00445,S00001
P00446,S00001
P00447,S00001
P00448,S00001
P00449,S00001
P00450,S00001
P00451,S00001
P00452,S00001
P00453,S00001
P00454,S00001
P00455,S00001
P00456,S00001
P00457,S00001
P00458,S00001
P00459,S00001
P00460,S00001
P00461,S00001
P00462,S00001
P00463,S00001
P00464,S00001
P00465,S00001
P00466,S00001
P00467,S00001
P00468,S00001
P00469,S00001
P00470,S00001
P00471,S00001
P00472,S00001
P00473,S00001
P00474,S00001
P00475,S00001
P00476,S00001
P00477,S00001
P00478,S00001
P00479,S00001
P00480,S00001
P00481,S00001
P00482,S00001
P00483,S00001
P00484,S00001
P00485,S00001
P00486,S00001
P00487,S00001
P00488,S00001
P00489,S00001
P00490,S00001
P00491,S00001
P00492,S00001
P00493,S00001
P00494,S00001
P00495,S00001
P00496,S00001
P00497,S00001
P00498,S00001
P00499,S00001
P00500,S00001
P00501,S00001
P00502,S00001
P00503,S00001
P00504,S00001
P00505,S00001
P00506,S00001
P00507,S00001
P00508,S00001
P00509,S00001
P00510,S00001
P00511,S00001
P00512,S00001
P00513,S00001
P00514,S00001
P00515,S00001
P00516,S00001
P00517,S00001
P00518,S00001
P00519,S00001
P00520,S00001
P00521,S00001
P00522,S00001
P00523,S00001
P00524,S00001
P00525,S00001
P00526,S00001
P00527,S00001
P00528,S00001
P00529,S00001
P00530,S00001
P00531,S00001
P00532,S00001
P00533,S00001
P00534,S00001
P00535,S00001
P00536,S00001
P00537,S00001
P00538,S00001
P00539,S00001
P00540,S00001
P00541,S00001
P00542,S00001
P00543,S00001
P00544,S00001
P00545,S00001
P00546,S00001
P00547,S00001
P00548,S00001
P00549,S00001
P00550,S00001
P00551,S00001
P00552,S00001
P00553,S00001
P00554,S00001
P00555,S00001
P00556,S00001
P00557,S00001
P00558,S00001
P00559,S00001
P00560,S00001
P00561,S00001
P00562,S00001
P00563,S00001
P00564,S00001
P00565,S00001
P00566,S00001
P00567,S00001
P00568,S00001
P00569,S00001
P00570,S00001
P00571,S00001
P00572,S00001
P00573,S00001
P00574,S00001
P00575,S00001
P00576,S00001
P00577,S00001
P00578,S00001
P00579,S00001
P00580,S00001
P00581,S00001
P00582,S00001
P00583,S00001
P00584,S00001
P00585,S00001
P00586,S00001
P00587,S00001
P00588,S00001
P00589,S00001
P00590,S00001
P00591,S00001
P00592,S00001
P00593,S00001
P00594,S00001
P00595,S00001
P00596,S00001
P00597,S00001
P00598,S00001
P00599,S00001
P00600,S00001
P00601,S00001
P00602,S00001
P00603,S00001
P00604,S00001
P00605,S00001
P00606,S00001
P00607,S00001
P00608,S00001
P00609,S00001
P00610,S00001
P00611,S00001
P00612,S00001
P00613,S00001
P00614,S00001
P00615,S00001
P00616,S00001
P00617,S00001
P00618,S00001
P00619,S00001
P00620,S00001
P00621,S00001
P00622,S00001
P00623,S00001
P00624,S00001
P00625,S00001
P00626,S00001
P00627,S00001
P00628,S00001
P00629,S00001
P00630,S00001
P00631,S00001
P00632,S00001
P00633,S00001
P00634,S00001
P00635,S00001
P00636,S00001
P00637,S00001
P00638,S00001
P00639,S00001
P00640,S00001
P00641,S00001
P00642,S00001
P00643,S00001
P00644,S00001
P00645,S00001
P00646,S00001
P00647,S00001
P00648,S00001
P00649,S00001
P00650,S00001
P00651,S00001
P00652,S00001
P00653,S00001
P00654,S00001
P00655,S00001
P00656,S00001
P00657,S00001
P00658,S00001
P00659,S00001
P00660,S00001
P00661,S00001
P00662,S00001
P00663,S00001
P00664,S00001
P00665,S00001
P00666,S00001
P00667,S00001
P00668,S00001
P00669,S00001
P00670,S00001
P00671,S00001
P00672,S00001
P00673,S00001
P00674,S00001
P00675,S00001
P00676,S00001
P00677,S00001
P00678,S00001
P00679,S00001
P00680,S00001
P00681,S00001
P00682,S00001
P00683,S00001
P00684,S00001
P00685,S00001
P00686,S00001
P00687,S00001
P00688,S00001
P00689,S00001
P00690,S00001
P00691,S00001
P00692,S00001
P00693,S00001
P00694,S00001
P00695,S00001
P00696,S00001
P00697,S00001
P00698,S00001
P00699,S00001
P00700,S00001
P00701,S00001
P00702,S00001
P00703,S00001
P00704,S00001
P00705,S00001
P00706,S00001
P00707,S00001
P00708,S00001
P00709,S00001
P00710,S00001
P00711,S00001
P00712,S00001
P00713,S00001
P00714,S00001
P00715,S00001
P00716,S00001
P00717,S00001
P00718,S00001
P00719,S00001
P00720,S00001
P00721,S00001
P00722,S00001
P00723,S00001
P00724,S00001
P00725,S00001
P00726,S00001
P00727,S00001
P00728,S00001
P00729,S00001
P00730,S00001
P00731,S00001
P00732,S00001
P00733,S00001
P00734,S00001
P00735,S00001
P00736,S00001
P00737,S00001
P00738,S00001
P00739,S00001
P00740,S00001
P00741,S00001
P00742,S00001
P00743,S00001
P00744,S00001
P00745,S00001
P00746,S00001
P00747,S00001
P00748,S00001
P00749,S00001
P00750,S00001
P00751,S00001
P00752,S00001
P00753,S00001
P00754,S00001
P00755,S00001
P00756,S00001
P00757,S00001
P00758,S00001
P00759,S00001
P00760,S00001
P00761,S00001
P00762,S00001
P00763,S00001
P00764,S00001
P00765,S00001
P00766,S00001
P00767,S00001
P00768,S00001
P00769,S00001
P00770,S00001
P00771,S00001
P00772,S00001
P00773,S00001
P00774,S00001
P00775,S00001
P00776,S00001
P00777,S00001
P00778,S00001
P00779,S00001
P00780,S00001
P00781,S00001
P00782,S00001
P00783,S00001
P00784,S00001
P00785,S00001
P00786,S00001
P00787,S00001
P00788,S00001
P00789,S00001
P00790,S00001
P00791,S00001
P00792,S00001
P00793,S00001
P00794,S00001
P00795,S00001
P00796,S00001
P00797,S00001
P00798,S00001
P00799,S00001
P00800,S00001
P00801,S00001
P00802,S00001
P00803,S00001
P00804,S00001
P00805,S00001
P00806,S00001
P00807,S00001
P00808,S00001
P00809,S00001
P00810,S00001
P00811,S00001
P00812,S00001
P00813,S00001
P00814,S00001
P00815,S00001
P00816,S00001
P00817,S00001
P00818,S00001
P00819,S00001
P00820,S00001
P00821,S00001
P00822,S00001
P00823,S00001
P00824,S00001
P00825,S00001
P00826,S00001
P00827,S00001
P00828,S00001
P00829,S00001
P00830,S00001
P00831,S00001
P00832,S00001
P00833,S00001
P00834,S00001
P00835,S00001
P00836,S00001
P00837,S00001
P00838,S00001
P00839,S00001
P00840,S00001
P00841,S00001
P00842,S00001
P00843,S00001
P00844,S00001
P00845,S00001
P00846,S00001
P00847,S00001
P00848,S00001
P00849,S00001
P00850,S00001
P00851,S00001
P00852,S00001
P00853,S00001
P00854,S00001
P00855,S00001
P00856,S00001
P00857,S00001
P00858,S00001
P00859,S00001
P00860,S00001
P00861,S00001
P00862,S00001
P00863,S00001
P00864,S00001
P00865,S00001
P00866,S00001
P00867,S00001
P00868,S00001
P00869,S00001
P00870,S00001
P00871,S00001
P00872,S00001
P00873,S00001
P00874,S00001
P00875,S00001
P00876,S00001
P00877,S00001
P00878,S00001
P00879,S00001
P00880,S00001
P00881,S00001
P00882,S00001
P00883,S00001
P00884,S00001
P00885,S00001
P00886,S00001
P00887,S00001
P00888,S00001
P00889,S00001
P00890,S00001
P00891,S00001
P00892,S00001
P00893,S00001
P00894,S00001
P00895,S00001
P00896,S00001
P00897,S00001
P00898,S00001
P00899,S00001
P00900,S00001
P00901,S00001
P00902,S00001
P00903,S00001
P00904,S00001
P00905,S00001
P00906,S00001
P00907,S00001
P00908,S00001
P00909,S00001
P00910,S00001
P00911,S00001
P00912,S00001
P00913,S00001
P00914,S00001
P00915,S00001
P00916,S00001
P00917,S00001
P00918,S00001
P00919,S00001
P00920,S00001
P00921,S00001
P00922,S00001
P00923,S00001
P00924,S00001
P00925,S00001
P00926,S00001
P00927,S00001
P00928,S00001
P00929,S00001
P00930,S00001
P00931,S00001
P00932,S00001
P00933,S00001
P00934,S00001
P00935,S00001
P00936,S00001
P00937,S00001
P00938,S00001
P00939,S00001
P00940,S00001
P00941,S00001
P00942,S00001
P00943,S00001
P00944,S00001
P00945,S00001
P00946,S00001
P00947,S00001
P00948,S00001
P00949,S00001
P00950,S00001
P00951,S00001
P00952,S00001
P00953,S00001
P00954,S00001
P00955,S00001
P00956,S00001
P00957,S00001
P00958,S00001
P00959,S00001
P00960,S00001
P00961,S00001
P00962,S00001
P00963,S00001
P00964,S00001
P00965,S00001
P00966,S00001
P00967,S00001
P00968,S00001
P00969,S00001
P00970,S00001
P00971,S00001
P00972,S00001
P00973,S00001
P00974,S00001
P00975,S00001
P00976,S00001
P00977,S00001
P00978,S00001
P00979,S00001
P00980,S00001
P00981,S00001
P00982,S00001
P00983,S00001
P00984,S00001
P00985,S00001
P00986,S00001
P00987,S00001
P00988,S00001
P00989,S00001
P00990,S00001
P00991,S00001
P00992,S00001
P00993,S00001
P00994,S00001
P00995,S00001
P00996,S00001
P00997,S00001
P00998,S00001
P00999,S00001
P01000,S00001
P01001,S00001
P01002,S00001
P01003,S00001
P01004,S00001
P01005,S00001
P01006,S00001
P01007,S00001
P01008,S00001
P01009,S00001
P01010,S00001
P01011,S00001
P01012,S00001
P01013,S00001
P01014,S00001
P01015,S00001
P01016,S00001
P01017,S00001
P01018,S00001
P01019,S00001
P01020,S00001
P01021,S00001
P01022,S00001
P01023,S00001
P01024,S00001
P01025,S00001
P01026,S00001
P01027,S00001
P01028,S00001
P01029,S00001
P01030,S00001
P01031,S00001
P01032,S00001
P01033,S00001
P01034,S00001
P01035,S00001
P01036,S00001
P01037,S00001
P01038,S00001
P01039,S00001
P01040,S00001
P01041,S00001
P01042,S00001
P01043,S00001
P01044,S00001
P01045,S00001
P01046,S00001
P01047,S00001
P01048,S00001
P01049,S00001
P01050,S00001
P01051,S00001
P01052,S00001
P01053,S00001
P01054,S00001
P01055,S00001
P01056,S00001
P01057,S00001
P01058,S00001
P01059,S00001
P01060,S00001
P01061,S00001
P01062,S00001
P01063,S00001
P01064,S00001
P01065,S00001
P01066,S00001
P01067,S00001
P01068,S00001
P01069,S00001
P01070,S00001
P01071,S00001
P01072,S00001
P01073,S00001
P01074,S00001
P01075,S00001
P01076,S00001
P01077,S00001
P01078,S00001
P01079,S00001
P01080,S00001
P01081,S00001
P01082,S00001
P01083,S00001
P01084,S00001
P01085,S00001
P01086,S00001
P01087,S00001
P01088,S00001
P01089,S00001
P01090,S00001
P01091,S00001
P01092,S00001
P01093,S00001
P01094,S00001
P01095,S00001
P01096,S00001
P01097,S00001
P01098,S00001
P01099,S00001
P01100,S00001
P01101,S00001
P01102,S00001
P01103,S00001
P01104,S00001
P01105,S00001
P01106,S00001
P01107,S00001
P01108,S00001
P01109,S00001
P01110,S00001
P01111,S00001
P01112,S00001
P01113,S00001
P01114,S00001
P01115,S00001
P01116,S00001
P01117,S00001
P01118,S00001
P01119,S00001
P01120,S00001
P01121,S00001
P01122,S00001
P01123,S00001
P01124,S00001
P01125,S00001
P01126,S00001
P01127,S00001
P01128,S00001
P01129,S00001
P01130,S00001
P01131,S00001
P01132,S00001
P01133,S00001
P01134,S00001
P01135,S00001
P01136,S00001
P01137,S00001
P01138,S00001
P01139,S00001
P01140,S00001
P01141,S00001
P01142,S00001
P01143,S00001
P01144,S00001
P01145,S00001
P01146,S00001
P01147,S00001
P01148,S00001
P01149,S00001
P01150,S00001
P01151,S00001
P01152,S00001
P01153,S00001
P01154,S00001
P01155,S00001
P01156,S00001
P01157,S00001
P01158,S00001
P01159,S00001
P01160,S00001
P01161,S00001
P01162,S00001
P01163,S00001
P01164,S00001
P01165,S00001
P01166,S00001
P01167,S00001
P01168,S00001
P01169,S00001
P01170,S00001
P01171,S00001
P01172,S00001
P01173,S00001
P01174,S00001
P01175,S00001
P01176,S00001
P01177,S00001
P01178,S00001
P01179,S00001
P01180,S00001
P01181,S00001
P01182,S00001
P01183,S00001
P01184,S00001
P01185,S00001
P01186,S00001
P01187,S00001
P01188,S00001
P01189,S00001
P01190,S00001
P01191,S00001
P01192,S00001
P01193,S00001
P01194,S00001
P01195,S00001
P01196,S00001
P01197,S00001
P01198,S00001
P01199,S00001
P01200,S00001
P01201,S00001
P01202,S00001
P01203,S00001
P01204,S00001
P01205,S00001
P01206,S00001
P01207,S00001
P01208,S00001
P01209,S00001
P01210,S00001
P01211,S00001
P01212,S00001
P01213,S00001
P01214,S00001
P01215,S00001
P01216,S00001
P01217,S00001
P01218,S00001
P01219,S00001
P01220,S00001
P01221,S00001
P01222,S00001
P01223,S00001
P01224,S00001
P01225,S00001
P01226,S00001
P01227,S00001
P01228,S00001
P01229,S00001
P01230,S00001
P01231,S00001
P01232,S00001
P01233,S00001
P01234,S00001
P01235,S00001
P01236,S00001
P01237,S00001
P01238,S00001
P01239,S00001
P01240,S00001
P01241,S00001
P01242,S00001
P01243,S00001
P01244,S00001
P01245,S00001
P01246,S00001
P01247,S00001
P01248,S00001
P01249,S00001
P01250,S00001
P01251,S00001
P01252,S00001
P01253,S00001
P01254,S00001
P01255,S00001
P01256,S00001
P01257,S00001
P01258,S00001
P01259,S00001
P01260,S00001
P01261,S00001
P01262,S00001
P01263,S00001
P01264,S00001
P01265,S00001
P01266,S00001
P01267,S00001
P01268,S00001
P01269,S00001
P01270,S00001
P01271,S00001
P01272,S00001
P01273,S00001
P01274,S00001
P01275,S00001
P01276,S00001
P01277,S00001
P01278,S00001
P01279,S00001
P01280,S00001
P01281,S00001
P01282,S00001
P01283,S00001
P01284,S00001
P01285,S00001
P01286,S00001
P01287,S00001
P01288,S00001
P01289,S00001
P01290,S00001
P01291,S00001
P01292,S00001
P01293,S00001
P01294,S00001
P01295,S00001
P01296,S00001
P01297,S00001
P01298,S00001
P01299,S00001
P01300,S00001
P01301,S00001
P01302,S00001
P01303,S00001
P01304,S00001
P01305,S00001
P01306,S00001
P01307,S00001
P01308,S00001
P01309,S00001
P01310,S00001
P01311,S00001
P01312,S00001
P01313,S00001
P01314,S00001
P01315,S00001
P01316,S00001
P01317,S00001
P01318,S00001
P01319,S00001
P01320,S00001
P01321,S00001
P01322,S00001
P01323,S00001
P01324,S00001
P01325,S00001
P01326,S00001
P01327,S00001
P01328,S00001
P01329,S00001
P01330,S00001
P01331,S00001
P01332,S00001
P01333,S00001
P01334,S00001
P01335,S00001
P01336,S00001
P01337,S00001
P01338,S00001
P01339,S00001
P01340,S00001
P01341,S00001
P01342,S00001
P01343,S00001
P01344,S00001
P01345,S00001
P01346,S00001
P01347,S00001
P01348,S00001
P01349,S00001
P01350,S00001
P01351,S00001
P01352,S00001
P01353,S00001
P01354,S00001
P01355,S00001
P01356,S00001
P01357,S00001
P01358,S00001
P01359,S00001
P01360,S00001
P01361,S00001
P01362,S00001
P01363,S00001
P01364,S00001
P01365,S00001
P01366,S00001
P01367,S00001
P01368,S00001
P01369,S00001
P01370,S00001
P01371,S00001
P01372,S00001
P01373,S00001
P01374,S00001
P01375,S00001
P01376,S00001
P01377,S00001
P01378,S00001
P01379,S00001
P01380,S00001
P01381,S00001
P01382,S00001
P01383,S00001
P01384,S00001
P01385,S00001
P01386,S00001
P01387,S00001
P01388,S00001
P01389,S00001
P01390,S00001
P01391,S00001
P01392,S00001
P01393,S00001
P01394,S00001
P01395,S00001
P01396,S00001
P01397,S00001
P01398,S00001
P01399,S00001
P01400,S00001
P01401,S00001
P01402,S00001
P01403,S00001
P01404,S00001
P01405,S00001
P01406,S00001
P01407,S00001
P01408,S00001
P01409,S00001
P01410,S00001
P01411,S00001
P01412,S00001
P01413,S00001
P01414,S00001
P01415,S00001
P01416,S00001
P01417,S00001
P01418,S00001
P01419,S00001
P01420,S00001
P01421,S00001
P01422,S00001
P01423,S00001
P01424,S00001
P01425,S00001
P01426,S00001
P01427,S00001
P01428,S00001
P01429,S00001
P01430,S00001
P01431,S00001
P01432,S00001
P01433,S00001
P01434,S00001
P01435,S00001
P01436,S00001
P01437,S00001
P01438,S00001
P01439,S00001
P01440,S00001
P01441,S00001
P01442,S00001
P01443,S00001
P01444,S00001
P01445,S00001
P01446,S00001
P01447,S00001
P01448,S00001
P01449,S00001
P01450,S00001
P01451,S00001
P01452,S00001
P01453,S00001
P01454,S00001
P01455,S00001
P01456,S00001
P01457,S00001
P01458,S00001
P01459,S00001
P01460,S00001
P01461,S00001
P01462,S00001
P01463,S00001
P01464,S00001
P01465,S00001
P01466,S00001
P01467,S00001
P01468,S00001
P01469,S00001
P01470,S00001
P01471,S00001
P01472,S00001
P01473,S00001
P01474,S00001
P01475,S00001
P01476,S00001
P01477,S00001
P01478,S00001
P01479,S00001
P01480,S00001
P01481,S00001
P01482,S00001
P01483,S00001
P01484,S00001
P01485,S00001
P01486,S00001
P01487,S00001
P01488,S00001
P01489,S00001
P01490,S00001
P01491,S00001
P01492,S00001
P01493,S00001
P01494,S00001
P01495,S00001
P01496,S00001
P01497,S00001
P01498,S00001
P01499,S00001
P01500,S00001
P01501,S00001
P01502,S00001
P01503,S00001
P01504,S00001
P01505,S00001
P01506,S00001
P01507,S00001
P01508,S00001
P01509,S00001
P01510,S00001
P01511,S00001
P01512,S00001
P01513,S00001
P01514,S00001
P01515,S00001
P01516,S00001
P01517,S00001
P01518,S00001
P01519,S00001
P01520,S00001
P01521,S00001
P01522,S00001
P01523,S00001
P01524,S00001
P01525,S00001
P01526,S00001
P01527,S00001
P01528,S00001
P01529,S00001
P01530,S00001
P01531,S00001
P01532,S00001
P01533,S00001
P01534,S00001
P01535,S00001
P01536,S00001
P01537,S00001
P01538,S00001
P01539,S00001
P01540,S00001
P01541,S00001
P01542,S00001
P01543,S00001
P01544,S00001
P01545,S00001
P01546,S00001
P01547,S00001
P01548,S00001
P01549,S00001
P01550,S00001
P01551,S00001
P01552,S00001
P01553,S00001
P01554,S00001
P01555,S00001
P01556,S00001
P01557,S00001
P01558,S00001
P01559,S00001
P01560,S00001
P01561,S00001
P01562,S00001
P01563,S00001
P01564,S00001
P01565,S00001
P01566,S00001
P01567,S00001
P01568,S00001
P01569,S00001
P01570,S00001
P01571,S00001
P01572,S00001
P01573,S00001
P01574,S00001
P01575,S00001
P01576,S00001
P01577,S00001
P01578,S00001
P01579,S00001
P01580,S00001
P01581,S00001
P01582,S00001
P01583,S00001
P01584,S00001
P01585,S00001
P01586,S00001
P01587,S00001
P01588,S00001
P01589,S00001
P01590,S00001
P01591,S00001
P01592,S00001
P01593,S00001
P01594,S00001
P01595,S00001
P01596,S00001
P01597,S00001
P01598,S00001
P01599,S00001
P01600,S00001
P01601,S00001
P01602,S00001
P01603,S00001
P01604,S00001
P01605,S00001
P01606,S00001
P01607,S00001
P01608,S00001
P01609,S00001
P01610,S00001
P01611,S00001
P01612,S00001
P01613,S00001
P01614,S00001
P01615,S00001
P01616,S00001
P01617,S00001
P01618,S00001
P01619,S00001
P01620,S00001
P01621,S00001
P01622,S00001
P01623,S00001
P01624,S00001
P01625,S00001
P01626,S00001
P01627,S00001
P01628,S00001
P01629,S00001
P01630,S00001
P01631,S00001
P01632,S00001
P01633,S00001
P01634,S00001
P01635,S00001
P01636,S00001
P01637,S00001
P01638,S00001
P01639,S00001
P01640,S00001
P01641,S00001
P01642,S00001
P01643,S00001
P01644,S00001
P01645,S00001
P01646,S00001
P01647,S00001
P01648,S00001
P01649,S00001
P01650,S00001
P01651,S00001
P01652,S00001
P01653,S00001
P01654,S00001
P01655,S00001
P01656,S00001
P01657,S00001
P01658,S00001
P01659,S00001
P01660,S00001
P01661,S00001
P01662,S00001
P01663,S00001
P01664,S00001
P01665,S00001
P01666,S00001
P01667,S00001
P01668,S00001
P01669,S00001
P01670,S00001
P01671,S00001
P01672,S00001
P01673,S00001
P01674,S00001
P01675,S00001
P01676,S00001
P01677,S00001
P01678,S00001
P01679,S00001
P01680,S00001
P01681,S00001
P01682,S00001
P01683,S00001
P01684,S00001
P01685,S00001
P01686,S00001
P01687,S00001
P01688,S00001
P01689,S00001
P01690,S00001
P01691,S00001
P01692,S00001
P01693,S00001
P01694,S00001
P01695,S00001
P01696,S00001
P01697,S00001
P01698,S00001
P01699,S00001
P01700,S00001
P01701,S00001
P01702,S00001
P01703,S00001
P01704,S00001
P01705,S00001
P01706,S00001
P01707,S00001
P01708,S00001
P01709,S00001
P01710,S00001
P01711,S00001
P01712,S00001
P01713,S00001
P01714,S00001
P01715,S00001
P01716,S00001
P01717,S00001
P01718,S00001
P01719,S00001
P01720,S00001
P01721,S00001
P01722,S00001
P01723,S00001
P01724,S00001
P01725,S00001
P01726,S00001
P01727,S00001
P01728,S00001
P01729,S00001
P01730,S00001
P01731,S00001
P01732,S00001
P01733,S00001
P01734,S00001
P01735,S00001
P01736,S00001
P01737,S00001
P01738,S00001
P01739,S00001
P01740,S00001
P01741,S00001
P01742,S00001
P01743,S00001
P01744,S00001
P01745,S00001
P01746,S00001
P01747,S00001
P01748,S00001
P01749,S00001
P01750,S00001
P01751,S00001
P01752,S00001
P01753,S00001
P01754,S00001
P01755,S00001
P01756,S00001
P01757,S00001
P01758,S00001
P01759,S00001
P01760,S00001
P01761,S00001
P01762,S00001
P01763,S00001
P01764,S00001
P01765,S00001
P01766,S00001
P01767,S00001
P01768,S00001
P01769,S00001
P01770,S00001
P01771,S00001
P01772,S00001
P01773,S00001
P01774,S00001
P01775,S00001
P01776,S00001
P01777,S00001
P01778,S00001
P01779,S00001
P01780,S00001
P01781,S00001
P01782,S00001
P01783,S00001
P01784,S00001
P01785,S00001
P01786,S00001
P01787,S00001
P01788,S00001
P01789,S00001
P01790,S00001
P01791,S00001
P01792,S00001
P01793,S00001
P01794,S00001
P01795,S00001
P01796,S00001
P01797,S00001
P01798,S00001
P01799,S00001
P01800,S00001
P01801,S00001
P01802,S00001
P01803,S00001
P01804,S00001
P01805,S00001
P01806,S00001
P01807,S00001
P01808,S00001
P01809,S00001
P01810,S00001
P01811,S00001
P01812,S00001
P01813,S00001
P01814,S00001
P01815,S00001
P01816,S00001
P01817,S00001
P01818,S00001
P01819,S00001
P01820,S00001
P01821,S00001
P01822,S00001
P01823,S00001
P01824,S00001
P01825,S00001
P01826,S00001
P01827,S00001
P01828,S00001
P01829,S00001
P01830,S00001
P01831,S00001
P01832,S00001
P01833,S00001
P01834,S00001
P01835,S00001
P01836,S00001
P01837,S00001
P01838,S00001
P01839,S00001
P01840,S00001
P01841,S00001
P01842,S00001
P01843,S00001
P01844,S00001
P01845,S00001
P01846,S00001
P01847,S00001
P01848,S00001
P01849,S00001
P01850,S00001
P01851,S00001
P01852,S00001
P01853,S00001
P01854,S00001
P01855,S00001
P01856,S00001
P01857,S00001
P01858,S00001
P01859,S00001
P01860,S00001
P01861,S00001
P01862,S00001
P01863,S00001
P01864,S00001
P01865,S00001
P01866,S00001
P01867,S00001
P01868,S00001
P01869,S00001
P01870,S00001
P01871,S00001
P01872,S00001
P01873,S00001
P01874,S00001
P01875,S00001
P01876,S00001
P01877,S00001
P01878,S00001
P01879,S00001
P01880,S00001
P01881,S00001
P01882,S00001
P01883,S00001
P01884,S00001
P01885,S00001
P01886,S00001
P01887,S00001
P01888,S00001
P01889,S00001
P01890,S00001
P01891,S00001
P01892,S00001
P01893,S00001
P01894,S00001
P01895,S00001
P01896,S00001
P01897,S00001
P01898,S00001
P01899,S00001
P01900,S00001
P01901,S00001
P01902,S00001
P01903,S00001
P01904,S00001
P01905,S00001
P01906,S00001
P01907,S00001
P01908,S00001
P01909,S00001
P01910,S00001
P01911,S00001
P01912,S00001
P01913,S00001
P01914,S00001
P01915,S00001
P01916,S00001
P01917,S00001
P01918,S00001
P01919,S00001
P01920,S00001
P01921,S00001
P01922,S00001
P01923,S00001
P01924,S00001
P01925,S00001
P01926,S00001
P01927,S00001
P01928,S00001
P01929,S00001
P01930,S00001
P01931,S00001
P01932,S00001
P01933,S00001
P01934,S00001
P01935,S00001
P01936,S00001
P01937,S00001
P01938,S00001
P01939,S00001
P01940,S00001
P01941,S00001
P01942,S00001
P01943,S00001
P01944,S00001
P01945,S00001
P01946,S00001
P01947,S00001
P01948,S00001
P01949,S00001
P01950,S00001
P01951,S00001
P01952,S00001
P01953,S00001
P01954,S00001
P01955,S00001
P01956,S00001
P01957,S00001
P01958,S00001
P01959,S00001
P01960,S00001
P01961,S00001
P01962,S00001
P01963,S00001
P01964,S00001
P01965,S00001
P01966,S00001
P01967,S00001
P01968,S00001
P01969,S00001
P01970,S00001
P01971,S00001
P01972,S00001
P01973,S00001
P01974,S00001
P01975,S00001
P01976,S00001
P01977,S00001
P01978,S00001
P01979,S00001
P01980,S00001
P01981,S00001
P01982,S00001
P01983,S00001
P01984,S00001
P01985,S00001
P01986,S00001
P01987,S00001
P01988,S00001
P01989,S00001
P01990,S00001
P01991,S00001
P01992,S00001
P01993,S00001
P01994,S00001
P01995,S00001
P01996,S00001
P01997,S00001
P01998,S00001
P01999,S00001
P02000,S00001
P02001,S00001
P02002,S00001
P02003,S00001
P02004,S00001
P02005,S00001
P02006,S00001
P02007,S00001
P02008,S00001
P02009,S00001
P02010,S00001
P02011,S00001
P02012,S00001
P02013,S00001
P02014,S00001
P02015,S00001
P02016,S00001
P02017,S00001
P02018,S00001
P02019,S00001
P02020,S00001
P02021,S00001
P02022,S00001
P02023,S00001
P02024,S00001
P02025,S00001
P02026,S00001
P02027,S00001
P02028,S00001
P02029,S00001
P02030,S00001
P02031,S00001
P02032,S00001
P02033,S00001
P02034,S00001
P02035,S00001
P02036,S00001
P02037,S00001
P02038,S00001
P02039,S00001
P02040,S00001
P02041,S00001
P02042,S00001
P02043,S00001
P02044,S00001
P02045,S00001
P02046,S00001
P02047,S00001
P02048,S00001
P02049,S00001
P02050,S00001
P02051,S00001
P02052,S00001
P02053,S00001
P02054,S00001
P02055,S00001
P02056,S00001
P02057,S00001
P02058,S00001
P02059,S00001
P02060,S00001
P02061,S00001
P02062,S00001
P02063,S00001
P02064,S00001
P02065,S00001
P02066,S00001
P02067,S00001
P02068,S00001
P02069,S00001
P02070,S00001
P02071,S00001
P02072,S00001
P02073,S00001
P02074,S00001
P02075,S00001
P02076,S00001
P02077,S00001
P02078,S00001
P02079,S00001
P02080,S00001
P02081,S00001
P02082,S00001
P02083,S00001
P02084,S00001
P02085,S00001
P02086,S00001
P02087,S00001
P02088,S00001
P02089,S00001
P02090,S00001
P02091,S00001
P02092,S00001
P02093,S00001
P02094,S00001
P02095,S00001
P02096,S00001
P02097,S00001
P02098,S00001
P02099,S00001
P02100,S00001
P02101,S00001
P02102,S00001
P02103,S00001
P02104,S00001
P02105,S00001
P02106,S00001
P02107,S00001
P02108,S00001
P02109,S00001
P02110,S00001
P02111,S00001
P02112,S00001
P02113,S00001
P02114,S00001
P02115,S00001
P02116,S00001
P02117,S00001
P02118,S00001
P02119,S00001
P02120,S00001
P02121,S00001
P02122,S00001
P02123,S00001
P02124,S00001
P02125,S00001
P02126,S00001
P02127,S00001
P02128,S00001
P02129,S00001
P02130,S00001
P02131,S00001
P02132,S00001
P02133,S00001
P02134,S00001
P02135,S00001
P02136,S00001
P02137,S00001
P02138,S00001
P02139,S00001
P02140,S00001
P02141,S00001
P02142,S00001
P02143,S00001
P02144,S00001
P02145,S00001
P02146,S00001
P02147,S00001
P02148,S00001
P02149,S00001
P02150,S00001
P02151,S00001
P02152,S00001
P02153,S00001
P02154,S00001
P02155,S00001
P02156,S00001
P02157,S00001
P02158,S00001
P02159,S00001
P02160,S00001
P02161,S00001
P02162,S00001
P02163,S00001
P02164,S00001
P02165,S00001
P02166,S00001
P02167,S00001
P02168,S00001
P02169,S00001
P02170,S00001
P02171,S00001
P02172,S00001
P02173,S00001
P02174,S00001
P02175,S00001
P02176,S00001
P02177,S00001
P02178,S00001
P02179,S00001
P02180,S00001
P02181,S00001
P02182,S00001
P02183,S00001
P02184,S00001
P02185,S00001
P02186,S00001
P02187,S00001
P02188,S00001
P02189,S00001
P02190,S00001
P02191,S00001
P02192,S00001
P02193,S00001
P02194,S00001
P02195,S00001
P02196,S00001
P02197,S00001
P02198,S00001
P02199,S00001
P02200,S00001
P02201,S00001
P02202,S00001
P02203,S00001
P02204,S00001
P02205,S00001
P02206,S00001
P02207,S00001
P02208,S00001
P02209,S00001
P02210,S00001
P02211,S00001
P02212,S00001
P02213,S00001
P02214,S00001
P02215,S00001
P02216,S00001
P02217,S00001
P02218,S00001
P02219,S00001
P02220,S00001
P02221,S00001
P02222,S00001
P02223,S00001
P02224,S00001
P02225,S00001
P02226,S00001
P02227,S00001
P02228,S00001
P02229,S00001
P02230,S00001
P02231,S00001
P02232,S00001
P02233,S00001
P02234,S00001
P02235,S00001
P02236,S00001
P02237,S00001
P02238,S00001
P02239,S00001
P02240,S00001
P02241,S00001
P02242,S00001
P02243,S00001
P02244,S00001
P02245,S00001
P02246,S00001
P02247,S00001
P02248,S00001
P02249,S00001
P02250,S00001
P02251,S00001
P02252,S00001
P02253,S00001
P02254,S00001
P02255,S00001
P02256,S00001
P02257,S00001
P02258,S00001
P02259,S00001
P02260,S00001
P02261,S00001
P02262,S00001
P02263,S00001
P02264,S00001
P02265,S00001
P02266,S00001
P02267,S00001
P02268,S00001
P02269,S00001
P02270,S00001
P02271,S00001
P02272,S00001
P02273,S00001
P02274,S00001
P02275,S00001
P02276,S00001
P02277,S00001
P02278,S00001
P02279,S00001
P02280,S00001
P02281,S00001
P02282,S00001
P02283,S00001
P02284,S00001
P02285,S00001
P02286,S00001
P02287,S00001
P02288,S00001
P02289,S00001
P02290,S00001
P02291,S00001
P02292,S00001
P02293,S00001
P02294,S00001
P02295,S00001
P02296,S00001
P02297,S00001
P02298,S00001
P02299,S00001
P02300,S00001
P02301,S00001
P02302,S00001
P02303,S00001
P02304,S00001
P02305,S00001
P02306,S00001
P02307,S00001
P02308,S00001
P02309,S00001
P02310,S00001
P02311,S00001
P02312,S00001
P02313,S00001
P02314,S00001
P02315,S00001
P02316,S00001
P02317,S00001
P02318,S00001
P02319,S00001
P02320,S00001
P02321,S00001
P02322,S00001
P02323,S00001
P02324,S00001
P02325,S00001
P02326,S00001
P02327,S00001
P02328,S00001
P02329,S00001
P02330,S00001
P02331,S00001
P02332,S00001
P02333,S00001
P02334,S00001
P02335,S00001
P02336,S00001
P02337,S00001
P02338,S00001
P02339,S00001
P02340,S00001
P02341,S00001
P02342,S00001
P02343,S00001
P02344,S00001
P02345,S00001
P02346,S00001
P02347,S00001
P02348,S00001
P02349,S00001
P02350,S00001
P02351,S00001
P02352,S00001
P02353,S00001
P02354,S00001
P02355,S00001
P02356,S00001
P02357,S00001
P02358,S00001
P02359,S00001
P02360,S00001
P02361,S00001
P02362,S00001
P02363,S00001
P02364,S00001
P02365,S00001
P02366,S00001
P02367,S00001
P02368,S00001
P02369,S00001
P02370,S00001
P02371,S00001
P02372,S00001
P02373,S00001
P02374,S00001
P02375,S00001
P02376,S00001
P02377,S00001
P02378,S00001
P02379,S00001
P02380,S00001
P02381,S00001
P02382,S00001
P02383,S00001
P02384,S00001
P02385,S00001
P02386,S00001
P02387,S00001
P02388,S00001
P02389,S00001
P02390,S00001
P02391,S00001
P02392,S00001
P02393,S00001
P02394,S00001
P02395,S00001
P02396,S00001
P02397,S00001
P02398,S00001
P02399,S00001
P02400,S00001
P02401,S00001
P02402,S00001
P02403,S00001
P02404,S00001
P02405,S00001
P02406,S00001
P02407,S00001
P02408,S00001
P02409,S00001
P02410,S00001
P02411,S00001
P02412,S00001
P02413,S00001
P02414,S00001
P02415,S00001
P02416,S00001
P02417,S00001
P02418,S00001
P02419,S00001
P02420,S00001
P02421,S00001
P02422,S00001
P02423,S00001
P02424,S00001
P02425,S00001
P02426,S00001
P02427,S00001
P02428,S00001
P02429,S00001
P02430,S00001
P02431,S00001
P02432,S00001
P02433,S00001
P02434,S00001
P02435,S00001
P02436,S00001
P02437,S00001
P02438,S00001
P02439,S00001
P02440,S00001
P02441,S00001
P02442,S00001
P02443,S00001
P02444,S00001
P02445,S00001
P02446,S00001
P02447,S00001
P02448,S00001
P02449,S00001
P02450,S00001
P02451,S00001
P02452,S00001
P02453,S00001
P02454,S00001
P02455,S00001
P02456,S00001
P02457,S00001
P02458,S00001
P02459,S00001
P02460,S00001
P02461,S00001
P02462,S00001
P02463,S00001
P02464,S00001
P02465,S00001
P02466,S00001
P02467,S00001
P02468,S00001
P02469,S00001
P02470,S00001
P02471,S00001
P02472,S00001
P02473,S00001
P02474,S00001
P02475,S00001
P02476,S00001
P02477,S00001
P02478,S00001
P02479,S00001
P02480,S00001
P02481,S00001
P02482,S00001
P02483,S00001
P02484,S00001
P02485,S00001
P02486,S00001
P02487,S00001
P02488,S00001
P02489,S00001
P02490,S00001
P02491,S00001
P02492,S00001
P02493,S00001
P02494,S00001
P02495,S00001
P02496,S00001
P02497,S00001
P02498,S00001
P02499,S00001
P02500,S00001
P02501,S00001
P02502,S00001
P02503,S00001
P02504,S00001
P02505,S00001
P02506,S00001
P02507,S00001
P02508,S00001
P02509,S00001
P02510,S00001
P02511,S00001
P02512,S00001
P02513,S00001
P02514,S00001
P02515,S00001
P02516,S00001
P02517,S00001
P02518,S00001
P02519,S00001
P02520,S00001
P02521,S00001
P02522,S00001
P02523,S00001
P02524,S00001
P02525,S00001
P02526,S00001
P02527,S00001
P02528,S00001
P02529,S00001
P02530,S00001
P02531,S00001
P02532,S00001
P02533,S00001
P02534,S00001
P02535,S00001
P02536,S00001
P02537,S00001
P02538,S00001
P02539,S00001
P02540,S00001
P02541,S00001
P02542,S00001
P02543,S00001
P02544,S00001
P02545,S00001
P02546,S00001
P02547,S00001
P02548,S00001
P02549,S00001
P02550,S00001
P02551,S00001
P02552,S00001
P02553,S00001
P02554,S00001
P02555,S00001
P02556,S00001
P02557,S00001
P02558,S00001
P02559,S00001
P02560,S00001
P02561,S00001
P02562,S00001
P02563,S00001
P02564,S00001
P02565,S00001
P02566,S00001
P02567,S00001
P02568,S00001
P02569,S00001
P02570,S00001
P02571,S00001
P02572,S00001
P02573,S00001
P02574,S00001
P02575,S00001
P02576,S00001
P02577,S00001
P02578,S00001
P02579,S00001
P02580,S00001
P02581,S00001
P02582,S00001
P02583,S00001
P02584,S00001
P02585,S00001
P02586,S00001
P02587,S00001
P02588,S00001
P02589,S00001
P02590,S00001
P02591,S00001
P02592,S00001
P02593,S00001
P02594,S00001
P02595,S00001
P02596,S00001
P02597,S00001
P02598,S00001
P02599,S00001
P02600,S00001
P02601,S00001
P02602,S00001
P02603,S00001
P02604,S00001
P02605,S00001
P02606,S00001
P02607,S00001
P02608,S00001
P02609,S00001
P02610,S00001
P02611,S00001
P02612,S00001
P02613,S00001
P02614,S00001
P02615,S00001
P02616,S00001
P02617,S00001
P02618,S00001
P02619,S00001
P02620,S00001
P02621,S00001
P02622,S00001
P02623,S00001
P02624,S00001
P02625,S00001
P02626,S00001
P02627,S00001
P02628,S00001
P02629,S00001
P02630,S00001
P02631,S00001
P02632,S00001
P02633,S00001
P02634,S00001
P02635,S00001
P02636,S00001
P02637,S00001
P02638,S00001
P02639,S00001
P02640,S00001
P02641,S00001
P02642,S00001
P02643,S00001
P02644,S00001
P02645,S00001
P02646,S00001
P02647,S00001
P02648,S00001
P02649,S00001
P02650,S00001
P02651,S00001
P02652,S00001
P02653,S00001
P02654,S00001
P02655,S00001
P02656,S00001
P02657,S00001
P02658,S00001
P02659,S00001
P02660,S00001
P02661,S00001
P02662,S00001
P02663,S00001
P02664,S00001
P02665,S00001
P02666,S00001
P02667,S00001
P02668,S00001
P02669,S00001
P02670,S00001
P02671,S00001
P02672,S00001
P02673,S00001
P02674,S00001
P02675,S00001
P02676,S00001
P02677,S00001
P02678,S00001
P02679,S00001
P02680,S00001
P02681,S00001
P02682,S00001
P02683,S00001
P02684,S00001
P02685,S00001
P02686,S00001
P02687,S00001
P02688,S00001
P02689,S00001
P02690,S00001
P02691,S00001
P02692,S00001
P02693,S00001
P02694,S00001
P02695,S00001
P02696,S00001
P02697,S00001
P02698,S00001
P02699,S00001
P02700,S00001
P02701,S00001
P02702,S00001
P02703,S00001
P02704,S00001
P02705,S00001
P02706,S00001
P02707,S00001
P02708,S00001
P02709,S00001
P02710,S00001
P02711,S00001
P02712,S00001
P02713,S00001
P02714,S00001
P02715,S00001
P02716,S00001
P02717,S00001
P02718,S00001
P02719,S00001
P02720,S00001
P02721,S00001
P02722,S00001
P02723,S00001
P02724,S00001
P02725,S00001
P02726,S00001
P02727,S00001
P02728,S00001
P02729,S00001
P02730,S00001
P02731,S00001
P02732,S00001
P02733,S00001
P02734,S00001
P02735,S00001
P02736,S00001
P02737,S00001
P02738,S00001
P02739,S00001
P02740,S00001
P02741,S00001
P02742,S00001
P02743,S00001
P02744,S00001
P02745,S00001
P02746,S00001
P02747,S00001
P02748,S00001
P02749,S00001
P02750,S00001
P02751,S00001
P02752,S00001
P02753,S00001
P02754,S00001
P02755,S00001
P02756,S00001
P02757,S00001
P02758,S00001
P02759,S00001
P02760,S00001
P02761,S00001
P02762,S00001
P02763,S00001
P02764,S00001
P02765,S00001
P02766,S00001
P02767,S00001
P02768,S00001
P02769,S00001
P02770,S00001
P02771,S00001
P02772,S00001
P02773,S00001
P02774,S00001
P02775,S00001
P02776,S00001
P02777,S00001
P02778,S00001
P02779,S00001
P02780,S00001
P02781,S00001
P02782,S00001
P02783,S00001
P02784,S00001
P02785,S00001
P02786,S00001
P02787,S00001
P02788,S00001
P02789,S00001
P02790,S00001
P02791,S00001
P02792,S00001
P02793,S00001
P02794,S00001
P02795,S00001
P02796,S00001
P02797,S00001
P02798,S00001
P02799,S00001
P02800,S00001
P02801,S00001
P02802,S00001
P02803,S00001
P02804,S00001
P02805,S00001
P02806,S00001
P02807,S00001
P02808,S00001
P02809,S00001
P02810,S00001
P02811,S00001
P02812,S00001
P02813,S00001
P02814,S00001
P02815,S00001
P02816,S00001
P02817,S00001
P02818,S00001
P02819,S00001
P02820,S00001
P02821,S00001
P02822,S00001
P02823,S00001
P02824,S00001
P02825,S00001
P02826,S00001
P02827,S00001
P02828,S00001
P02829,S00001
P02830,S00001
P02831,S00001
P02832,S00001
P02833,S00001
P02834,S00001
P02835,S00001
P02836,S00001
P02837,S00001
P02838,S00001
P02839,S00001
P02840,S00001
P02841,S00001
P02842,S00001
P02843,S00001
P02844,S00001
P02845,S00001
P02846,S00001
P02847,S00001
P02848,S00001
P02849,S00001
P02850,S00001
P02851,S00001
P02852,S00001
P02853,S00001
P02854,S00001
P02855,S00001
P02856,S00001
P02857,S00001
P02858,S00001
P02859,S00001
P02860,S00001
P02861,S00001
P02862,S00001
P02863,S00001
P02864,S00001
P02865,S00001
P02866,S00001
P02867,S00001
P02868,S00001
P02869,S00001
P02870,S00001
P02871,S00001
P02872,S00001
P02873,S00001
P02874,S00001
P02875,S00001
P02876,S00001
P02877,S00001
P02878,S00001
P02879,S00001
P02880,S00001
P02881,S00001
P02882,S00001
P02883,S00001
P02884,S00001
P02885,S00001
P02886,S00001
P02887,S00001
P02888,S00001
P02889,S00001
P02890,S00001
P02891,S00001
P02892,S00001
P02893,S00001
P02894,S00001
P02895,S00001
P02896,S00001
P02897,S00001
P02898,S00001
P02899,S00001
P02900,S00001
P02901,S00001
P02902,S00001
P02903,S00001
P02904,S00001
P02905,S00001
P02906,S00001
P02907,S00001
P02908,S00001
P02909,S00001
P02910,S00001
P02911,S00001
P02912,S00001
P02913,S00001
P02914,S00001
P02915,S00001
P02916,S00001
P02917,S00001
P02918,S00001
P02919,S00001
P02920,S00001
P02921,S00001
P02922,S00001
P02923,S00001
P02924,S00001
P02925,S00001
P02926,S00001
P02927,S00001
P02928,S00001
P02929,S00001
P02930,S00001
P02931,S00001
P02932,S00001
P02933,S00001
P02934,S00001
P02935,S00001
P02936,S00001
P02937,S00001
P02938,S00001
P02939,S00001
P02940,S00001
P02941,S00001
P02942,S00001
P02943,S00001
P02944,S00001
P02945,S00001
P02946,S00001
P02947,S00001
P02948,S00001
P02949,S00001
P02950,S00001
P02951,S00001
P02952,S00001
P02953,S00001
P02954,S00001
P02955,S00001
P02956,S00001
P02957,S00001
P02958,S00001
P02959,S00001
P02960,S00001
P02961,S00001
P02962,S00001
P02963,S00001
P02964,S00001
P02965,S00001
P02966,S00001
P02967,S00001
P02968,S00001
P02969,S00001
P02970,S00001
P02971,S00001
P02972,S00001
P02973,S00001
P02974,S00001
P02975,S00001
P02976,S00001
P02977,S00001
P02978,S00001
P02979,S00001
P02980,S00001
P02981,S00001
P02982,S00001
P02983,S00001
P02984,S00001
P02985,S00001
P02986,S00001
P02987,S00001
P02988,S00001
P02989,S00001
P02990,S00001
P02991,S00001
P02992,S00001
P02993,S00001
P02994,S00001
P02995,S00001
P02996,S00001
P02997,S00001
P02998,S00001
P02999,S00001
P03000,S00001
P03001,S00001
P03002,S00001
P03003,S00001
P03004,S00001
P03005,S00001
P03006,S00001
P03007,S00001
P03008,S00001
P03009,S00001
P03010,S00001
P03011,S00001
P03012,S00001
P03013,S00001
P03014,S00001
P03015,S00001
P03016,S00001
P03017,S00001
P03018,S00001
P03019,S00001
P03020,S00001
P03021,S00001
P03022,S00001
P03023,S00001
P03024,S00001
P03025,S00001
P03026,S00001
P03027,S00001
P03028,S00001
P03029,S00001
P03030,S00001
P03031,S00001
P03032,S00001
P03033,S00001
P03034,S00001
P03035,S00001
P03036,S00001
P03037,S00001
P03038,S00001
P03039,S00001
P03040,S00001
P03041,S00001
P03042,S00001
P03043,S00001
P03044,S00001
P03045,S00001
P03046,S00001
P03047,S00001
P03048,S00001
P03049,S00001
P03050,S00001
P03051,S00001
P03052,S00001
P03053,S00001
P03054,S00001
P03055,S00001
P03056,S00001
P03057,S00001
P03058,S00001
P03059,S00001
P03060,S00001
P03061,S00001
P03062,S00001
P03063,S00001
P03064,S00001
P03065,S00001
P03066,S00001
P03067,S00001
P03068,S00001
P03069,S00001
P03070,S00001
P03071,S00001
P03072,S00001
P03073,S00001
P03074,S00001
P03075,S00001
P03076,S00001
P03077,S00001
P03078,S00001
P03079,S00001
P03080,S00001
P03081,S00001
P03082,S00001
P03083,S00001
P03084,S00001
P03085,S00001
P03086,S00001
P03087,S00001
P03088,S00001
P03089,S00001
P03090,S00001
P03091,S00001
P03092,S00001
P03093,S00001
P03094,S00001
P03095,S00001
P03096,S00001
P03097,S00001
P03098,S00001
P03099,S00001
P03100,S00001
P03101,S00001
P03102,S00001
P03103,S00001
P03104,S00001
P03105,S00001
P03106,S00001
P03107,S00001
P03108,S00001
P03109,S00001
P03110,S00001
P03111,S00001
P03112,S00001
P03113,S00001
P03114,S00001
P03115,S00001
P03116,S00001
P03117,S00001
P03118,S00001
P03119,S00001
P03120,S00001
P03121,S00001
P03122,S00001
P03123,S00001
P03124,S00001
P03125,S00001
P03126,S00001
P03127,S00001
P03128,S00001
P03129,S00001
P03130,S00001
P03131,S00001
P03132,S00001
P03133,S00001
P03134,S00001
P03135,S00001
P03136,S00001
P03137,S00001
P03138,S00001
P03139,S00001
P03140,S00001
P03141,S00001
P03142,S00001
P03143,S00001
P03144,S00001
P03145,S00001
P03146,S00001
P03147,S00001
P03148,S00001
P03149,S00001
P03150,S00001
P03151,S00001
P03152,S00001
P03153,S00001
P03154,S00001
P03155,S00001
P03156,S00001
P03157,S00001
P03158,S00001
P03159,S00001
P03160,S00001
P03161,S00001
P03162,S00001
P03163,S00001
P03164,S00001
P03165,S00001
P03166,S00001
P03167,S00001
P03168,S00001
P03169,S00001
P03170,S00001
P03171,S00001
P03172,S00001
P03173,S00001
P03174,S00001
P03175,S00001
P03176,S00001
P03177,S00001
P03178,S00001
P03179,S00001
P03180,S00001
P03181,S00001
P03182,S00001
P03183,S00001
P03184,S00001
P03185,S00001
P03186,S00001
P03187,S00001
P03188,S00001
P03189,S00001
P03190,S00001
P03191,S00001
P03192,S00001
P03193,S00001
P03194,S00001
P03195,S00001
P03196,S00001
P03197,S00001
P03198,S00001
P03199,S00001
P03200,S00001
P03201,S00001
P03202,S00001
P03203,S00001
P03204,S00001
P03205,S00001
P03206,S00001
P03207,S00001
P03208,S00001
P03209,S00001
P03210,S00001
P03211,S00001
P03212,S00001
P03213,S00001
P03214,S00001
P03215,S00001
P03216,S00001
P03217,S00001
P03218,S00001
P03219,S00001
P03220,S00001
P03221,S00001
P03222,S00001
P03223,S00001
P03224,S00001
P03225,S00001
P03226,S00001
P03227,S00001
P03228,S00001
P03229,S00001
P03230,S00001
P03231,S00001
P03232,S00001
P03233,S00001
P03234,S00001
P03235,S00001
P03236,S00001
P03237,S00001
P03238,S00001
P03239,S00001
P03240,S00001
P03241,S00001
P03242,S00001
P03243,S00001
P03244,S00001
P03245,S00001
P03246,S00001
P03247,S00001
P03248,S00001
P03249,S00001
P03250,S00001
P03251,S00001
P03252,S00001
P03253,S00001
P03254,S00001
P03255,S00001
P03256,S00001
P03257,S00001
P03258,S00001
P03259,S00001
P03260,S00001
P03261,S00001
P03262,S00001
P03263,S00001
P03264,S00001
P03265,S00001
P03266,S00001
P03267,S00001
P03268,S00001
P03269,S00001
P03270,S00001
P03271,S00001
P03272,S00001
P03273,S00001
P03274,S00001
P03275,S00001
P03276,S00001
P03277,S00001
P03278,S00001
P03279,S00001
P03280,S00001
P03281,S00001
P03282,S00001
P03283,S00001
P03284,S00001
P03285,S00001
P03286,S00001
P03287,S00001
P03288,S00001
P03289,S00001
P03290,S00001
P03291,S00001
P03292,S00001
P03293,S00001
P03294,S00001
P03295,S00001
P03296,S00001
P03297,S00001
P03298,S00001
P03299,S00001
P03300,S00001
P03301,S00001
P03302,S00001
P03303,S00001
P03304,S00001
P03305,S00001
P03306,S00001
P03307,S00001
P03308,S00001
P03309,S00001
P03310,S00001
P03311,S00001
P03312,S00001
P03313,S00001
P03314,S00001
P03315,S00001
P03316,S00001
P03317,S00001
P03318,S00001
P03319,S00001
P03320,S00001
P03321,S00001
P03322,S00001
P03323,S00001
P03324,S00001
P03325,S00001
P03326,S00001
P03327,S00001
P03328,S00001
P03329,S00001
P03330,S00001
P03331,S00001
P03332,S00001
P03333,S00001
P03334,S00001
P03335,S00001
P03336,S00001
P03337,S00001
P03338,S00001
P03339,S00001
P03340,S00001
P03341,S00001
P03342,S00001
P03343,S00001
P03344,S00001
P03345,S00001
P03346,S00001
P03347,S00001
P03348,S00001
P03349,S00001
P03350,S00001
P03351,S00001
P03352,S00001
P03353,S00001
P03354,S00001
P03355,S00001
P03356,S00001
P03357,S00001
P03358,S00001
P03359,S00001
P03360,S00001
P03361,S00001
P03362,S00001
P03363,S00001
P03364,S00001
P03365,S00001
P03366,S00001
P03367,S00001
P03368,S00001
P03369,S00001
P03370,S00001
P03371,S00001
P03372,S00001
P03373,S00001
P03374,S00001
P03375,S00001
P03376,S00001
P03377,S00001
P03378,S00001
P03379,S00001
P03380,S00001
P03381,S00001
P03382,S00001
P03383,S00001
P03384,S00001
P03385,S00001
P03386,S00001
P03387,S00001
P03388,S00001
P03389,S00001
P03390,S00001
P03391,S00001
P03392,S00001
P03393,S00001
P03394,S00001
P03395,S00001
P03396,S00001
P03397,S00001
P03398,S00001
P03399,S00001
P03400,S00001
P03401,S00001
P03402,S00001
P03403,S00001
P03404,S00001
P03405,S00001
P03406,S00001
P03407,S00001
P03408,S00001
P03409,S00001
P03410,S00001
P03411,S00001
P03412,S00001
P03413,S00001
P03414,S00001
P03415,S00001
P03416,S00001
P03417,S00001
P03418,S00001
P03419,S00001
P03420,S00001
P03421,S00001
P03422,S00001
P03423,S00001
P03424,S00001
P03425,S00001
P03426,S00001
P03427,S00001
P03428,S00001
P03429,S00001
P03430,S00001
P03431,S00001
P03432,S00001
P03433,S00001
P03434,S00001
P03435,S00001
P03436,S00001
P03437,S00001
P03438,S00001
P03439,S00001
P03440,S00001
P03441,S00001
P03442,S00001
P03443,S00001
P03444,S00001
P03445,S00001
P03446,S00001
P03447,S00001
P03448,S00001
P03449,S00001
P03450,S00001
P03451,S00001
P03452,S00001
P03453,S00001
P03454,S00001
P03455,S00001
P03456,S00001
P03457,S00001
P03458,S00001
P03459,S00001
P03460,S00001
P03461,S00001
P03462,S00001
P03463,S00001
P03464,S00001
P03465,S00001
P03466,S00001
P03467,S00001
P03468,S00001
P03469,S00001
P03470,S00001
P03471,S00001
P03472,S00001
P03473,S00001
P03474,S00001
P03475,S00001
P03476,S00001
P03477,S00001
P03478,S00001
P03479,S00001
P03480,S00001
P03481,S00001
P03482,S00001
P03483,S00001
P03484,S00001
P03485,S00001
P03486,S00001
P03487,S00001
P03488,S00001
P03489,S00001
P03490,S00001
P03491,S00001
P03492,S00001
P03493,S00001
P03494,S00001
P03495,S00001
P03496,S00001
P03497,S00001
P03498,S00001
P03499,S00001
P03500,S00001
P03501,S00001
P03502,S00001
P03503,S00001
P03504,S00001
P03505,S00001
P03506,S00001
P03507,S00001
P03508,S00001
P03509,S00001
P03510,S00001
P03511,S00001
P03512,S00001
P03513,S00001
P03514,S00001
P03515,S00001
P03516,S00001
P03517,S00001
P03518,S00001
P03519,S00001
P03520,S00001
P03521,S00001
P03522,S00001
P03523,S00001
P03524,S00001
P03525,S00001
P03526,S00001
P03527,S00001
P03528,S00001
P03529,S00001
P03530,S00001
P03531,S00001
P03532,S00001
P03533,S00001
P03534,S00001
P03535,S00001
P03536,S00001
P03537,S00001
P03538,S00001
P03539,S00001
P03540,S00001
P03541,S00001
P03542,S00001
P03543,S00001
P03544,S00001
P03545,S00001
P03546,S00001
P03547,S00001
P03548,S00001
P03549,S00001
P03550,S00001
P03551,S00001
P03552,S00001
P03553,S00001
P03554,S00001
P03555,S00001
P03556,S00001
P03557,S00001
P03558,S00001
P03559,S00001
P03560,S00001
P03561,S00001
P03562,S00001
P03563,S00001
P03564,S00001
P03565,S00001
P03566,S00001
P03567,S00001
P03568,S00001
P03569,S00001
P03570,S00001
P03571,S00001
P03572,S00001
P03573,S00001
P03574,S00001
P03575,S00001
P03576,S00001
P03577,S00001
P03578,S00001
P03579,S00001
P03580,S00001
P03581,S00001
P03582,S00001
P03583,S00001
P03584,S00001
P03585,S00001
P03586,S00001
P03587,S00001
P03588,S00001
P03589,S00001
P03590,S00001
P03591,S00001
P03592,S00001
P03593,S00001
P03594,S00001
P03595,S00001
P03596,S00001
P03597,S00001
P03598,S00001
P03599,S00001
P03600,S00001
P03601,S00001
P03602,S00001
P03603,S00001
P03604,S00001
P03605,S00001
P03606,S00001
P03607,S00001
P03608,S00001
P03609,S00001
P03610,S00001
P03611,S00001
P03612,S00001
P03613,S00001
P03614,S00001
P03615,S00001
P03616,S00001
P03617,S00001
P03618,S00001
P03619,S00001
P03620,S00001
P03621,S00001
P03622,S00001
P03623,S00001
P03624,S00001
P03625,S00001
P03626,S00001
P03627,S00001
P03628,S00001
P03629,S00001
P03630,S00001
P03631,S00001
P03632,S00001
P03633,S00001
P03634,S00001
P03635,S00001
P03636,S00001
P03637,S00001
P03638,S00001
P03639,S00001
P03640,S00001
P03641,S00001
P03642,S00001
P03643,S00001
P03644,S00001
P03645,S00001
P03646,S00001
P03647,S00001
P03648,S00001
P03649,S00001
P03650,S00001
P03651,S00001
P03652,S00001
P03653,S00001
P03654,S00001
P03655,S00001
P03656,S00001
P03657,S00001
P03658,S00001
P03659,S00001
P03660,S00001
P03661,S00001
P03662,S00001
P03663,S00001
P03664,S00001
P03665,S00001
P03666,S00001
P03667,S00001
P03668,S00001
P03669,S00001
P03670,S00001
P03671,S00001
P03672,S00001
P03673,S00001
P03674,S00001
P03675,S00001
P03676,S00001
P03677,S00001
P03678,S00001
P03679,S00001
P03680,S00001
P03681,S00001
P03682,S00001
P03683,S00001
P03684,S00001
P03685,S00001
P03686,S00001
P03687,S00001
P03688,S00001
P03689,S00001
P03690,S00001
P03691,S00001
P03692,S00001
P03693,S00001
P03694,S00001
P03695,S00001
P03696,S00001
P03697,S00001
P03698,S00001
P03699,S00001
P03700,S00001
P03701,S00001
P03702,S00001
P03703,S00001
P03704,S00001
P03705,S00001
P03706,S00001
P03707,S00001
P03708,S00001
P03709,S00001
P03710,S00001
P03711,S00001
P03712,S00001
P03713,S00001
P03714,S00001
P03715,S00001
P03716,S00001
P03717,S00001
P03718,S00001
P03719,S00001
P03720,S00001
P03721,S00001
P03722,S00001
P03723,S00001
P03724,S00001
P03725,S00001
P03726,S00001
P03727,S00001
P03728,S00001
P03729,S00001
P03730,S00001
P03731,S00001
P03732,S00001
P03733,S00001
P03734,S00001
P03735,S00001
P03736,S00001
P03737,S00001
P03738,S00001
P03739,S00001
P03740,S00001
P03741,S00001
P03742,S00001
P03743,S00001
P03744,S00001
P03745,S00001
P03746,S00001
P03747,S00001
P03748,S00001
P03749,S00001
P03750,S00001
P03751,S00001
P03752,S00001
P03753,S00001
P03754,S00001
P03755,S00001
P03756,S00001
P03757,S00001
P03758,S00001
P03759,S00001
P03760,S00001
P03761,S00001
P03762,S00001
P03763,S00001
P03764,S00001
P03765,S00001
P03766,S00001
P03767,S00001
P03768,S00001
P03769,S00001
P03770,S00001
P03771,S00001
P03772,S00001
P03773,S00001
P03774,S00001
P03775,S00001
P03776,S00001
P03777,S00001
P03778,S00001
P03779,S00001
P03780,S00001
P03781,S00001
P03782,S00001
P03783,S00001
P03784,S00001
P03785,S00001
P03786,S00001
P03787,S00001
P03788,S00001
P03789,S00001
P03790,S00001
P03791,S00001
P03792,S00001
P03793,S00001
P03794,S00001
P03795,S00001
P03796,S00001
P03797,S00001
P03798,S00001
P03799,S00001
P03800,S00001
P03801,S00001
P03802,S00001
P03803,S00001
P03804,S00001
P03805,S00001
P03806,S00001
P03807,S00001
P03808,S00001
P03809,S00001
P03810,S00001
P03811,S00001
P03812,S00001
P03813,S00001
P03814,S00001
P03815,S00001
P03816,S00001
P03817,S00001
P03818,S00001
P03819,S00001
P03820,S00001
P03821,S00001
P03822,S00001
P03823,S00001
P03824,S00001
P03825,S00001
P03826,S00001
P03827,S00001
P03828,S00001
P03829,S00001
P03830,S00001
P03831,S00001
P03832,S00001
P03833,S00001
P03834,S00001
P03835,S00001
P03836,S00001
P03837,S00001
P03838,S00001
P03839,S00001
P03840,S00001
P03841,S00001
P03842,S00001
P03843,S00001
P03844,S00001
P03845,S00001
P03846,S00001
P03847,S00001
P03848,S00001
P03849,S00001
P03850,S00001
P03851,S00001
P03852,S00001
P03853,S00001
P03854,S00001
P03855,S00001
P03856,S00001
P03857,S00001
P03858,S00001
P03859,S00001
P03860,S00001
P03861,S00001
P03862,S00001
P03863,S00001
P03864,S00001
P03865,S00001
P03866,S00001
P03867,S00001
P03868,S00001
P03869,S00001
P03870,S00001
P03871,S00001
P03872,S00001
P03873,S00001
P03874,S00001
P03875,S00001
P03876,S00001
P03877,S00001
P03878,S00001
P03879,S00001
P03880,S00001
P03881,S00001
P03882,S00001
P03883,S00001
P03884,S00001
P03885,S00001
P03886,S00001
P03887,S00001
P03888,S00001
P03889,S00001
P03890,S00001
P03891,S00001
P03892,S00001
P03893,S00001
P03894,S00001
P03895,S00001
P03896,S00001
P03897,S00001
P03898,S00001
P03899,S00001
P03900,S00001
P03901,S00001
P03902,S00001
P03903,S00001
P03904,S00001
P03905,S00001
P03906,S00001
P03907,S00001
P03908,S00001
P03909,S00001
P03910,S00001
P03911,S00001
P03912,S00001
P03913,S00001
P03914,S00001
P03915,S00001
P03916,S00001
P03917,S00001
P03918,S00001
P03919,S00001
P03920,S00001
P03921,S00001
P03922,S00001
P03923,S00001
P03924,S00001
P03925,S00001
P03926,S00001
P03927,S00001
P03928,S00001
P03929,S00001
P03930,S00001
P03931,S00001
P03932,S00001
P03933,S00001
P03934,S00001
P03935,S00001
P03936,S00001
P03937,S00001
P03938,S00001
P03939,S00001
P03940,S00001
P03941,S00001
P03942,S00001
P03943,S00001
P03944,S00001
P03945,S00001
P03946,S00001
P03947,S00001
P03948,S00001
P03949,S00001
P03950,S00001
P03951,S00001
P03952,S00001
P03953,S00001
P03954,S00001
P03955,S00001
P03956,S00001
P03957,S00001
P03958,S00001
P03959,S00001
P03960,S00001
P03961,S00001
P03962,S00001
P03963,S00001
P03964,S00001
P03965,S00001
P03966,S00001
P03967,S00001
P03968,S00001
P03969,S00001
P03970,S00001
P03971,S00001
P03972,S00001
P03973,S00001
P03974,S00001
P03975,S00001
P03976,S00001
P03977,S00001
P03978,S00001
P03979,S00001
P03980,S00001
P03981,S00001
P03982,S00001
P03983,S00001
P03984,S00001
P03985,S00001
P03986,S00001
P03987,S00001
P03988,S00001
P03989,S00001
P03990,S00001
P03991,S00001
P03992,S00001
P03993,S00001
P03994,S00001
P03995,S00001
P03996,S00001
P03997,S00001
P03998,S00001
P03999,S00001
P04000,S00001
P04001,S00001
P04002,S00001
P04003,S00001
P04004,S00001
P04005,S00001
P04006,S00001
P04007,S00001
P04008,S00001
P04009,S00001
P04010,S00001
P04011,S00001
P04012,S00001
P04013,S00001
P04014,S00001
P04015,S00001
P04016,S00001
P04017,S00001
P04018,S00001
P04019,S00001
P04020,S00001
P04021,S00001
P04022,S00001
P04023,S00001
P04024,S00001
P04025,S00001
P04026,S00001
P04027,S00001
P04028,S00001
P04029,S00001
P04030,S00001
P04031,S00001
P04032,S00001
P04033,S00001
P04034,S00001
P04035,S00001
P04036,S00001
P04037,S00001
P04038,S00001
P04039,S00001
P04040,S00001
P04041,S00001
P04042,S00001
P04043,S00001
P04044,S00001
P04045,S00001
P04046,S00001
P04047,S00001
P04048,S00001
P04049,S00001
P04050,S00001
P04051,S00001
P04052,S00001
P04053,S00001
P04054,S00001
P04055,S00001
P04056,S00001
P04057,S00001
P04058,S00001
P04059,S00001
P04060,S00001
P04061,S00001
P04062,S00001
P04063,S00001
P04064,S00001
P04065,S00001
P04066,S00001
P04067,S00001
P04068,S00001
P04069,S00001
P04070,S00001
P04071,S00001
P04072,S00001
P04073,S00001
P04074,S00001
P04075,S00001
P04076,S00001
P04077,S00001
P04078,S00001
P04079,S00001
P04080,S00001
P04081,S00001
P04082,S00001
P04083,S00001
P04084,S00001
P04085,S00001
P04086,S00001
P04087,S00001
P04088,S00001
P04089,S00001
P04090,S00001
P04091,S00001
P04092,S00001
P04093,S00001
P04094,S00001
P04095,S00001
P04096,S00001
P04097,S00001
P04098,S00001
P04099,S00001
P04100,S00001
P04101,S00001
P04102,S00001
P04103,S00001
P04104,S00001
P04105,S00001
P04106,S00001
P04107,S00001
P04108,S00001
P04109,S00001
P04110,S00001
P04111,S00001
P04112,S00001
P04113,S00001
P04114,S00001
P04115,S00001
P04116,S00001
P04117,S00001
P04118,S00001
P04119,S00001
P04120,S00001
P04121,S00001
P04122,S00001
P04123,S00001
P04124,S00001
P04125,S00001
P04126,S00001
P04127,S00001
P04128,S00001
P04129,S00001
P04130,S00001
P04131,S00001
P04132,S00001
P04133,S00001
P04134,S00001
P04135,S00001
P04136,S00001
P04137,S00001
P04138,S00001
P04139,S00001
P04140,S00001
P04141,S00001
P04142,S00001
P04143,S00001
P04144,S00001
P04145,S00001
P04146,S00001
P04147,S00001
P04148,S00001
P04149,S00001
P04150,S00001
P04151,S00001
P04152,S00001
P04153,S00001
P04154,S00001
P04155,S00001
P04156,S00001
P04157,S00001
P04158,S00001
P04159,S00001
P04160,S00001
P04161,S00001
P04162,S00001
P04163,S00001
P04164,S00001
P04165,S00001
P04166,S00001
P04167,S00001
P04168,S00001
P04169,S00001
P04170,S00001
P04171,S00001
P04172,S00001
P04173,S00001
P04174,S00001
P04175,S00001
P04176,S00001
P04177,S00001
P04178,S00001
P04179,S00001
P04180,S00001
P04181,S00001
P04182,S00001
P04183,S00001
P04184,S00001
P04185,S00001
P04186,S00001
P04187,S00001
P04188,S00001
P04189,S00001
P04190,S00001
P04191,S00001
P04192,S00001
P04193,S00001
P04194,S00001
P04195,S00001
P04196,S00001
P04197,S00001
P04198,S00001
P04199,S00001
P04200,S00001
P04201,S00001
P04202,S00001
P04203,S00001
P04204,S00001
P04205,S00001
P04206,S00001
P04207,S00001
P04208,S00001
P04209,S00001
P04210,S00001
P04211,S00001
P04212,S00001
P04213,S00001
P04214,S00001
P04215,S00001
P04216,S00001
P04217,S00001
P04218,S00001
P04219,S00001
P04220,S00001
P04221,S00001
P04222,S00001
P04223,S00001
P04224,S00001
P04225,S00001
P04226,S00001
P04227,S00001
P04228,S00001
P04229,S00001
P04230,S00001
P04231,S00001
P04232,S00001
P04233,S00001
P04234,S00001
P04235,S00001
P04236,S00001
P04237,S00001
P04238,S00001
P04239,S00001
P04240,S00001
P04241,S00001
P04242,S00001
P04243,S00001
P04244,S00001
P04245,S00001
P04246,S00001
P04247,S00001
P04248,S00001
P04249,S00001
P04250,S00001
P04251,S00001
P04252,S00001
P04253,S00001
P04254,S00001
P04255,S00001
P04256,S00001
P04257,S00001
P04258,S00001
P04259,S00001
P04260,S00001
P04261,S00001
P04262,S00001
P04263,S00001
P04264,S00001
P04265,S00001
P04266,S00001
P04267,S00001
P04268,S00001
P04269,S00001
P04270,S00001
P04271,S00001
P04272,S00001
P04273,S00001
P04274,S00001
P04275,S00001
P04276,S00001
P04277,S00001
P04278,S00001
P04279,S00001
P04280,S00001
P04281,S00001
P04282,S00001
P04283,S00001
P04284,S00001
P04285,S00001
P04286,S00001
P04287,S00001
P04288,S00001
P04289,S00001
P04290,S00001
P04291,S00001
P04292,S00001
P04293,S00001
P04294,S00001
P04295,S00001
P04296,S00001
P04297,S00001
P04298,S00001
P04299,S00001
P04300,S00001
P04301,S00001
P04302,S00001
P04303,S00001
P04304,S00001
P04305,S00001
P04306,S00001
P04307,S00001
P04308,S00001
P04309,S00001
P04310,S00001
P04311,S00001
P04312,S00001
P04313,S00001
P04314,S00001
P04315,S00001
P04316,S00001
P04317,S00001
P04318,S00001
P04319,S00001
P04320,S00001
P04321,S00001
P04322,S00001
P04323,S00001
P04324,S00001
P04325,S00001
P04326,S00001
P04327,S00001
P04328,S00001
P04329,S00001
P04330,S00001
P04331,S00001
P04332,S00001
P04333,S00001
P04334,S00001
P04335,S00001
P04336,S00001
P04337,S00001
P04338,S00001
P04339,S00001
P04340,S00001
P04341,S00001
P04342,S00001
P04343,S00001
P04344,S00001
P04345,S00001
P04346,S00001
P04347,S00001
P04348,S00001
P04349,S00001
P04350,S00001
P04351,S00001
P04352,S00001
P04353,S00001
P04354,S00001
P04355,S00001
P04356,S00001
P04357,S00001
P04358,S00001
P04359,S00001
P04360,S00001
P04361,S00001
P04362,S00001
P04363,S00001
P04364,S00001
P04365,S00001
P04366,S00001
P04367,S00001
P04368,S00001
P04369,S00001
P04370,S00001
P04371,S00001
P04372,S00001
P04373,S00001
P04374,S00001
P04375,S00001
P04376,S00001
P04377,S00001
P04378,S00001
P04379,S00001
P04380,S00001
P04381,S00001
P04382,S00001
P04383,S00001
P04384,S00001
P04385,S00001
P04386,S00001
P04387,S00001
P04388,S00001
P04389,S00001
P04390,S00001
P04391,S00001
P04392,S00001
P04393,S00001
P04394,S00001
P04395,S00001
P04396,S00001
P04397,S00001
P04398,S00001
P04399,S00001
P04400,S00001
P04401,S00001
P04402,S00001
P04403,S00001
P04404,S00001
P04405,S00001
P04406,S00001
P04407,S00001
P04408,S00001
P04409,S00001
P04410,S00001
P04411,S00001
P04412,S00001
P04413,S00001
P04414,S00001
P04415,S00001
P04416,S00001
P04417,S00001
P04418,S00001
P04419,S00001
P04420,S00001
P04421,S00001
P04422,S00001
P04423,S00001
P04424,S00001
P04425,S00001
P04426,S00001
P04427,S00001
P04428,S00001
P04429,S00001
P04430,S00001
P04431,S00001
P04432,S00001
P04433,S00001
P04434,S00001
P04435,S00001
P04436,S00001
P04437,S00001
P04438,S00001
P04439,S00001
P04440,S00001
P04441,S00001
P04442,S00001
P04443,S00001
P04444,S00001
P04445,S00001
P04446,S00001
P04447,S00001
P04448,S00001
P04449,S00001
P04450,S00001
P04451,S00001
P04452,S00001
P04453,S00001
P04454,S00001
P04455,S00001
P04456,S00001
P04457,S00001
P04458,S00001
P04459,S00001
P04460,S00001
P04461,S00001
P04462,S00001
P04463,S00001
P04464,S00001
P04465,S00001
P04466,S00001
P04467,S00001
P04468,S00001
P04469,S00001
P04470,S00001
P04471,S00001
P04472,S00001
P04473,S00001
P04474,S00001
P04475,S00001
P04476,S00001
P04477,S00001
P04478,S00001
P04479,S00001
P04480,S00001
P04481,S00001
P04482,S00001
P04483,S00001
P04484,S00001
P04485,S00001
P04486,S00001
P04487,S00001
P04488,S00001
P04489,S00001
P04490,S00001
P04491,S00001
P04492,S00001
P04493,S00001
P04494,S00001
P04495,S00001
P04496,S00001
P04497,S00001
P04498,S00001
P04499,S00001
P04500,S00001
P04501,S00001
P04502,S00001
P04503,S00001
P04504,S00001
P04505,S00001
P04506,S00001
P04507,S00001
P04508,S00001
P04509,S00001
P04510,S00001
P04511,S00001
P04512,S00001
P04513,S00001
P04514,S00001
P04515,S00001
P04516,S00001
P04517,S00001
P04518,S00001
P04519,S00001
P04520,S00001
P04521,S00001
P04522,S00001
P04523,S00001
P04524,S00001
P04525,S00001
P04526,S00001
P04527,S00001
P04528,S00001
P04529,S00001
P04530,S00001
P04531,S00001
P04532,S00001
P04533,S00001
P04534,S00001
P04535,S00001
P04536,S00001
P04537,S00001
P04538,S00001
P04539,S00001
P04540,S00001
P04541,S00001
P04542,S00001
P04543,S00001
P04544,S00001
P04545,S00001
P04546,S00001
P04547,S00001
P04548,S00001
P04549,S00001
P04550,S00001
P04551,S00001
P04552,S00001
P04553,S00001
P04554,S00001
P04555,S00001
P04556,S00001
P04557,S00001
P04558,S00001
P04559,S00001
P04560,S00001
P04561,S00001
P04562,S00001
P04563,S00001
P04564,S00001
P04565,S00001
P04566,S00001
P04567,S00001
P04568,S00001
P04569,S00001
P04570,S00001
P04571,S00001
P04572,S00001
P04573,S00001
P04574,S00001
P04575,S00001
P04576,S00001
P04577,S00001
P04578,S00001
P04579,S00001
P04580,S00001
P04581,S00001
P04582,S00001
P04583,S00001
P04584,S00001
P04585,S00001
P04586,S00001
P04587,S00001
P04588,S00001
P04589,S00001
P04590,S00001
P04591,S00001
P04592,S00001
P04593,S00001
P04594,S00001
P04595,S00001
P04596,S00001
P04597,S00001
P04598,S00001
P04599,S00001
P04600,S00001
P04601,S00001
P04602,S00001
P04603,S00001
P04604,S00001
P04605,S00001
P04606,S00001
P04607,S00001
P04608,S00001
P04609,S00001
P04610,S00001
P04611,S00001
P04612,S00001
P04613,S00001
P04614,S00001
P04615,S00001
P04616,S00001
P04617,S00001
P04618,S00001
P04619,S00001
P04620,S00001
P04621,S00001
P04622,S00001
P04623,S00001
P04624,S00001
P04625,S00001
P04626,S00001
P04627,S00001
P04628,S00001
P04629,S00001
P04630,S00001
P04631,S00001
P04632,S00001
P04633,S00001
P04634,S00001
P04635,S00001
P04636,S00001
P04637,S00001
P04638,S00001
P04639,S00001
P04640,S00001
P04641,S00001
P04642,S00001
P04643,S00001
P04644,S00001
P04645,S00001
P04646,S00001
P04647,S00001
P04648,S00001
P04649,S00001
P04650,S00001
P04651,S00001
P04652,S00001
P04653,S00001
P04654,S00001
P04655,S00001
P04656,S00001
P04657,S00001
P04658,S00001
P04659,S00001
P04660,S00001
P04661,S00001
P04662,S00001
P04663,S00001
P04664,S00001
P04665,S00001
P04666,S00001
P04667,S00001
P04668,S00001
P04669,S00001
P04670,S00001
P04671,S00001
P04672,S00001
P04673,S00001
P04674,S00001
P04675,S00001
P04676,S00001
P04677,S00001
P04678,S00001
P04679,S00001
P04680,S00001
P04681,S00001
P04682,S00001
P04683,S00001
P04684,S00001
P04685,S00001
P04686,S00001
P04687,S00001
P04688,S00001
P04689,S00001
P04690,S00001
P04691,S00001
P04692,S00001
P04693,S00001
P04694,S00001
P04695,S00001
P04696,S00001
P04697,S00001
P04698,S00001
P04699,S00001
P04700,S00001
P04701,S00001
P04702,S00001
P04703,S00001
P04704,S00001
P04705,S00001
P04706,S00001
P04707,S00001
P04708,S00001
P04709,S00001
P04710,S00001
P04711,S00001
P04712,S00001
P04713,S00001
P04714,S00001
P04715,S00001
P04716,S00001
P04717,S00001
P04718,S00001
P04719,S00001
P04720,S00001
P04721,S00001
P04722,S00001
P04723,S00001
P04724,S00001
P04725,S00001
P04726,S00001
P04727,S00001
P04728,S00001
P04729,S00001
P04730,S00001
P04731,S00001
P04732,S00001
P04733,S00001
P04734,S00001
P04735,S00001
P04736,S00001
P04737,S00001
P04738,S00001
P04739,S00001
P04740,S00001
P04741,S00001
P04742,S00001
P04743,S00001
P04744,S00001
P04745,S00001
P04746,S00001
P04747,S00001
P04748,S00001
P04749,S00001
P04750,S00001
P04751,S00001
P04752,S00001
P04753,S00001
P04754,S00001
P04755,S00001
P04756,S00001
P04757,S00001
P04758,S00001
P04759,S00001
P04760,S00001
P04761,S00001
P04762,S00001
P04763,S00001
P04764,S00001
P04765,S00001
P04766,S00001
P04767,S00001
P04768,S00001
P04769,S00001
P04770,S00001
P04771,S00001
P04772,S00001
P04773,S00001
P04774,S00001
P04775,S00001
P04776,S00001
P04777,S00001
P04778,S00001
P04779,S00001
P04780,S00001
P04781,S00001
P04782,S00001
P04783,S00001
P04784,S00001
P04785,S00001
P04786,S00001
P04787,S00001
P04788,S00001
P04789,S00001
P04790,S00001
P04791,S00001
P04792,S00001
P04793,S00001
P04794,S00001
P04795,S00001
P04796,S00001
P04797,S00001
P04798,S00001
P04799,S00001
P04800,S00001
P04801,S00001
P04802,S00001
P04803,S00001
P04804,S00001
P04805,S00001
P04806,S00001
P04807,S00001
P04808,S00001
P04809,S00001
P04810,S00001
P04811,S00001
P04812,S00001
P04813,S00001
P04814,S00001
P04815,S00001
P04816,S00001
P04817,S00001
P04818,S00001
P04819,S00001
P04820,S00001
P04821,S00001
P04822,S00001
P04823,S00001
P04824,S00001
P04825,S00001
P04826,S00001
P04827,S00001
P04828,S00001
P04829,S00001
P04830,S00001
P04831,S00001
P04832,S00001
P04833,S00001
P04834,S00001
P04835,S00001
P04836,S00001
P04837,S00001
P04838,S00001
P04839,S00001
P04840,S00001
P04841,S00001
P04842,S00001
P04843,S00001
P04844,S00001
P04845,S00001
P04846,S00001
P04847,S00001
P04848,S00001
P04849,S00001
P04850,S00001
P04851,S00001
P04852,S00001
P04853,S00001
P04854,S00001
P04855,S00001
P04856,S00001
P04857,S00001
P04858,S00001
P04859,S00001
P04860,S00001
P04861,S00001
P04862,S00001
P04863,S00001
P04864,S00001
P04865,S00001
P04866,S00001
P04867,S00001
P04868,S00001
P04869,S00001
P04870,S00001
P04871,S00001
P04872,S00001
P04873,S00001
P04874,S00001
P04875,S00001
P04876,S00001
P04877,S00001
P04878,S00001
P04879,S00001
P04880,S00001
P04881,S00001
P04882,S00001
P04883,S00001
P04884,S00001
P04885,S00001
P04886,S00001
P04887,S00001
P04888,S00001
P04889,S00001
P04890,S00001
P04891,S00001
P04892,S00001
P04893,S00001
P04894,S00001
P04895,S00001
P04896,S00001
P04897,S00001
P04898,S00001
P04899,S00001
P04900,S00001
P04901,S00001
P04902,S00001
P04903,S00001
P04904,S00001
P04905,S00001
P04906,S00001
P04907,S00001
P04908,S00001
P04909,S00001
P04910,S00001
P04911,S00001
P04912,S00001
P04913,S00001
P04914,S00001
P04915,S00001
P04916,S00001
P04917,S00001
P04918,S00001
P04919,S00001
P04920,S00001
P04921,S00001
P04922,S00001
P04923,S00001
P04924,S00001
P04925,S00001
P04926,S00001
P04927,S00001
P04928,S00001
P04929,S00001
P04930,S00001
P04931,S00001
P04932,S00001
P04933,S00001
P04934,S00001
P04935,S00001
P04936,S00001
P04937,S00001
P04938,S00001
P04939,S00001
P04940,S00001
P04941,S00001
P04942,S00001
P04943,S00001
P04944,S00001
P04945,S00001
P04946,S00001
P04947,S00001
P04948,S00001
P04949,S00001
P04950,S00001
P04951,S00001
P04952,S00001
P04953,S00001
P04954,S00001
P04955,S00001
P04956,S00001
P04957,S00001
P04958,S00001
P04959,S00001
P04960,S00001
P04961,S00001
P04962,S00001
P04963,S00001
P04964,S00001
P04965,S00001
P04966,S00001
P04967,S00001
P04968,S00001
P04969,S00001
P04970,S00001
P04971,S00001
P04972,S00001
P04973,S00001
P04974,S00001
P04975,S00001
P04976,S00001
P04977,S00001
P04978,S00001
P04979,S00001
P04980,S00001
P04981,S00001
P04982,S00001
P04983,S00001
P04984,S00001
P04985,S00001
P04986,S00001
P04987,S00001
P04988,S00001
P04989,S00001
P04990,S00001
P04991,S00001
P04992,S00001
P04993,S00001
P04994,S00001
P04995,S00001
P04996,S00001
P04997,S00001
P04998,S00001
P04999,S00001
P05000,S00001
P05001,S00001
P05002,S00001
P05003,S00001
P05004,S00001
P05005,S00001
P05006,S00001
P05007,S00001
P05008,S00001
P05009,S00001
P05010,S00001
P05011,S00001
P05012,S00001
P05013,S00001
P05014,S00001
P05015,S00001
P05016,S00001
P05017,S00001
P05018,S00001
P05019,S00001
P05020,S00001
P05021,S00001
P05022,S00001
P05023,S00001
P05024,S00001
P05025,S00001
P05026,S00001
P05027,S00001
P05028,S00001
P05029,S00001
P05030,S00001
P05031,S00001
P05032,S00001
P05033,S00001
P05034,S00001
P05035,S00001
P05036,S00001
P05037,S00001
P05038,S00001
P05039,S00001
P05040,S00001
P05041,S00001
P05042,S00001
P05043,S00001
P05044,S00001
P05045,S00001
P05046,S00001
P05047,S00001
P05048,S00001
P05049,S00001
P05050,S00001
P05051,S00001
P05052,S00001
P05053,S00001
P05054,S00001
P05055,S00001
P05056,S00001
P05057,S00001
P05058,S00001
P05059,S00001
P05060,S00001
P05061,S00001
P05062,S00001
P05063,S00001
P05064,S00001
P05065,S00001
P05066,S00001
P05067,S00001
P05068,S00001
P05069,S00001
P05070,S00001
P05071,S00001
P05072,S00001
P05073,S00001
P05074,S00001
P05075,S00001
P05076,S00001
P05077,S00001
P05078,S00001
P05079,S00001
P05080,S00001
P05081,S00001
P05082,S00001
P05083,S00001
P05084,S00001
P05085,S00001
P05086,S00001
P05087,S00001
P05088,S00001
P05089,S00001
P05090,S00001
P05091,S00001
P05092,S00001
P05093,S00001
P05094,S00001
P05095,S00001
P05096,S00001
P05097,S00001
P05098,S00001
P05099,S00001
P05100,S00001
P05101,S00001
P05102,S00001
P05103,S00001
P05104,S00001
P05105,S00001
P05106,S00001
P05107,S00001
P05108,S00001
P05109,S00001
P05110,S00001
P05111,S00001
P05112,S00001
P05113,S00001
P05114,S00001
P05115,S00001
P05116,S00001
