paper_id,instrument_id,instrument_status
P00001,I00001,uses
P00001,I00002,uses
P00001,I00003,uses
P00001,I00004,uses
P00002,I00001,uses
P00003,I00001,uses
P00004,I00007,uses
P00004,I00002,uses
P00004,I00005,uses
P00004,I00006,uses
P00005,I00002,uses
P00005,I00008,uses
P00006,I00002,uses
P00007,I00002,uses
P00008,I00002,uses
P00009,I00002,uses
P00009,I00005,uses
P00010,I00002,uses
P00011,I00002,uses
P00012,I00002,uses
P00013,I00002,uses
P00014,I00002,uses
P00015,I00002,uses
P00016,I00002,uses
P00017,I00002,uses
P00018,I00002,uses
P00018,I00005,uses
P00019,I00002,uses
P00020,I00002,uses
P00020,I00005,uses
P00021,I00002,uses
P00021,I00005,uses
P00022,I00002,uses
P00023,I00002,uses
P00023,I00005,uses
P00023,I00009,uses
P00023,I00010,uses
P00024,I00004,uses
P00024,I00006,uses
P00024,I00007,uses
P00024,I00002,uses
P00024,I00005,uses
P00024,I00009,uses
P00024,I00003,uses
P00024,I00011,uses
P00025,I00002,uses
P00026,I00002,uses
P00027,I00002,uses
P00027,I00009,uses
P00028,I00002,uses
P00029,I00002,uses
P00029,I00005,uses
P00029,I00004,uses
P00029,I00011,uses
P00030,I00002,uses
P00031,I00002,uses
P00031,I00011,uses
P00032,I00002,uses
P00032,I00005,uses
P00033,I00002,uses
P00034,I00002,uses
P00034,I00005,uses
P00034,I00009,uses
P00035,I00012,uses
P00035,I00002,uses
P00035,I00005,uses
P00035,I00009,uses
P00036,I00002,uses
P00036,I00005,uses
P00037,I00002,uses
P00037,I00005,uses
P00037,I00009,uses
P00038,I00009,uses
P00038,I00002,uses
P00038,I00005,uses
P00038,I00013,uses
P00039,I00002,uses
P00040,I00002,uses
P00040,I00013,uses
P00040,I00009,uses
P00041,I00002,uses
P00041,I00005,uses
P00042,I00002,uses
P00043,I00002,uses
P00044,I00002,uses
P00044,I00014,uses
P00044,I00005,uses
P00044,I00015,uses
P00044,I00016,uses
P00044,I00009,uses
P00044,I00017,uses
P00045,I00002,uses
P00046,I00002,uses
P00047,I00002,uses
P00048,I00002,uses
P00048,I00005,uses
P00049,I00002,uses
P00049,I00005,uses
P00049,I00016,uses
P00049,I00009,uses
P00049,I00010,uses
P00049,I00011,uses
P00050,I00002,uses
P00051,I00002,uses
P00051,I00005,uses
P00052,I00002,uses
P00053,I00002,uses
P00054,I00014,uses
P00054,I00017,uses
P00055,I00014,uses
P00055,I00017,uses
P00056,I00014,uses
P00056,I00018,uses
P00056,I00017,uses
P00057,I00014,uses
P00057,I00017,uses
P00058,I00014,uses
P00058,I00017,uses
P00059,I00014,uses
P00059,I00008,uses
P00059,I00004,uses
P00059,I00017,uses
P00060,I00014,uses
P00060,I00017,uses
P00061,I00004,uses
P00061,I00014,uses
P00061,I00003,uses
P00061,I00017,uses
P00062,I00014,uses
P00062,I00017,uses
P00063,I00014,uses
P00063,I00003,uses
P00063,I00004,uses
P00063,I00017,uses
P00064,I00014,uses
P00064,I00005,uses
P00064,I00009,uses
P00064,I00017,uses
P00065,I00014,uses
P00065,I00017,uses
P00066,I00014,uses
P00066,I00017,uses
P00067,I00014,uses
P00067,I00017,uses
P00068,I00014,uses
P00068,I00017,uses
P00069,I00014,uses
P00069,I00017,uses
P00070,I00014,uses
P00070,I00017,uses
P00071,I00014,uses
P00071,I00017,uses
P00072,I00014,uses
P00072,I00017,uses
P00073,I00014,uses
P00073,I00017,uses
P00074,I00019,uses
P00074,I00014,uses
P00074,I00017,uses
P00075,I00014,uses
P00075,I00004,uses
P00075,I00017,uses
P00076,I00014,uses
P00076,I00017,uses
P00077,I00014,uses
P00077,I00017,uses
P00078,I00014,uses
P00078,I00003,uses
P00078,I00004,uses
P00078,I00017,uses
P00079,I00014,uses
P00079,I00019,uses
P00079,I00017,uses
P00080,I00014,uses
P00080,I00017,uses
P00081,I00014,uses
P00081,I00017,uses
P00082,I00014,uses
P00082,I00017,uses
P00083,I00014,uses
P00083,I00020,uses
P00083,I00017,uses
P00084,I00014,uses
P00084,I00002,uses
P00084,I00005,uses
P00084,I00015,uses
P00084,I00009,uses
P00084,I00003,uses
P00084,I00004,uses
P00084,I00017,uses
P00084,I00013,uses
P00085,I00009,uses
P00085,I00015,uses
P00085,I00014,uses
P00085,I00017,uses
P00085,I00013,uses
P00085,I00002,uses
P00085,I00005,uses
P00086,I00014,uses
P00086,I00017,uses
P00087,I00014,uses
P00087,I00021,uses
P00087,I00017,uses
P00088,I00014,uses
P00088,I00017,uses
P00089,I00014,uses
P00089,I00021,uses
P00089,I00004,uses
P00089,I00017,uses
P00090,I00014,uses
P00090,I00017,uses
P00091,I00014,uses
P00091,I00017,uses
P00092,I00014,uses
P00092,I00017,uses
P00093,I00014,uses
P00093,I00018,uses
P00093,I00017,uses
P00094,I00014,uses
P00094,I00003,uses
P00094,I00004,uses
P00094,I00017,uses
P00095,I00014,uses
P00095,I00017,uses
P00096,I00014,uses
P00096,I00017,uses
P00097,I00017,uses
P00097,I00014,uses
P00097,I00011,uses
P00098,I00014,uses
P00098,I00018,uses
P00098,I00017,uses
P00099,I00014,uses
P00099,I00017,uses
P00100,I00014,uses
P00100,I00018,uses
P00100,I00017,uses
P00101,I00002,uses
P00101,I00005,uses
P00101,I00003,uses
P00101,I00004,uses
P00102,I00002,uses
P00102,I00005,uses
P00103,I00002,uses
P00103,I00005,uses
P00103,I00010,uses
P00104,I00002,uses
P00104,I00016,uses
P00104,I00009,uses
P00105,I00002,uses
P00105,I00005,uses
P00105,I00009,uses
P00105,I00004,uses
P00106,I00002,uses
P00107,I00002,uses
P00107,I00005,uses
P00108,I00002,uses
P00108,I00005,uses
P00108,I00022,uses
P00108,I00011,uses
P00109,I00005,uses
P00109,I00003,uses
P00109,I00004,uses
P00110,I00005,uses
P00110,I00003,uses
P00110,I00004,uses
P00111,I00005,uses
P00112,I00005,uses
P00113,I00005,uses
P00114,I00005,uses
P00115,I00005,uses
P00116,I00005,uses
P00116,I00003,uses
P00116,I00004,uses
P00117,I00005,uses
P00117,I00004,uses
P00117,I00011,uses
P00118,I00005,uses
P00119,I00005,uses
P00120,I00005,uses
P00121,I00005,uses
P00122,I00005,uses
P00122,I00003,uses
P00122,I00004,uses
P00123,I00005,uses
P00124,I00005,uses
P00125,I00005,uses
P00126,I00005,uses
P00127,I00005,uses
P00128,I00005,uses
P00129,I00005,uses
P00130,I00005,uses
P00131,I00005,uses
P00132,I00005,uses
P00133,I00005,uses
P00133,I00018,uses
P00134,I00005,uses
P00134,I00011,uses
P00135,I00005,uses
P00135,I00003,uses
P00135,I00004,uses
P00136,I00005,uses
P00137,I00005,uses
P00138,I00005,uses
P00139,I00005,uses
P00140,I00005,uses
P00141,I00005,uses
P00142,I00005,uses
P00143,I00005,uses
P00144,I00005,uses
P00145,I00005,uses
P00146,I00005,uses
P00146,I00011,uses
P00147,I00005,uses
P00148,I00005,uses
P00149,I00005,uses
P00149,I00003,uses
P00149,I00004,uses
P00150,I00005,uses
P00151,I00005,uses
P00152,I00005,uses
P00153,I00005,uses
P00153,I00018,uses
P00154,I00005,uses
P00154,I00011,uses
P00155,I00005,uses
P00156,I00005,uses
P00157,I00005,uses
P00158,I00005,uses
P00158,I00004,uses
P00159,I00005,uses
P00159,I00004,uses
P00160,I00005,uses
P00161,I00005,uses
P00162,I00005,uses
P00163,I00005,uses
P00164,I00005,uses
P00165,I00005,uses
P00166,I00005,uses
P00167,I00005,uses
P00167,I00021,uses
P00168,I00005,uses
P00169,I00005,uses
P00169,I00022,uses
P00169,I00011,uses
P00170,I00005,uses
P00170,I00008,uses
P00170,I00004,uses
P00171,I00005,uses
P00172,I00005,uses
P00173,I00005,uses
P00173,I00004,uses
P00174,I00005,uses
P00175,I00005,uses
P00175,I00011,uses
P00176,I00005,uses
P00177,I00005,uses
P00177,I00021,uses
P00178,I00005,uses
P00179,I00005,uses
P00180,I00005,uses
P00181,I00005,uses
P00182,I00005,uses
P00182,I00009,uses
P00183,I00005,uses
P00184,I00005,uses
P00185,I00005,uses
P00186,I00005,uses
P00187,I00005,uses
P00188,I00005,uses
P00189,I00005,uses
P00190,I00005,uses
P00191,I00005,uses
P00192,I00005,uses
P00193,I00005,uses
P00194,I00005,uses
P00195,I00005,uses
P00196,I00005,uses
P00197,I00005,uses
P00198,I00005,uses
P00199,I00005,uses
P00200,I00005,uses
P00200,I00011,uses
P00201,I00005,uses
P00202,I00005,uses
P00203,I00005,uses
P00203,I00004,uses
P00204,I00005,uses
P00205,I00005,uses
P00205,I00021,uses
P00206,I00005,uses
P00206,I00012,uses
P00207,I00005,uses
P00208,I00005,uses
P00209,I00005,uses
P00210,I00005,uses
P00210,I00009,uses
P00211,I00005,uses
P00211,I00009,uses
P00211,I00013,uses
P00212,I00005,uses
P00212,I00010,uses
P00212,I00006,uses
P00212,I00007,uses
P00213,I00005,uses
P00213,I00009,uses
P00214,I00005,uses
P00214,I00009,uses
P00214,I00008,uses
P00215,I00005,uses
P00215,I00012,uses
P00215,I00011,uses
P00216,I00005,uses
P00216,I00009,uses
P00217,I00005,uses
P00218,I00005,uses
P00218,I00007,uses
P00219,I00005,uses
P00219,I00003,uses
P00219,I00004,uses
P00220,I00005,uses
P00221,I00005,uses
P00222,I00005,uses
P00222,I00011,uses
P00223,I00005,uses
P00224,I00005,uses
P00225,I00005,uses
P00225,I00011,uses
P00226,I00005,uses
P00226,I00004,uses
P00227,I00005,uses
P00228,I00005,uses
P00228,I00011,uses
P00229,I00005,uses
P00230,I00005,uses
P00231,I00005,uses
P00232,I00005,uses
P00232,I00011,uses
P00233,I00005,uses
P00234,I00005,uses
P00234,I00003,uses
P00234,I00004,uses
P00234,I00022,uses
P00235,I00005,uses
P00235,I00011,uses
P00236,I00005,uses
P00237,I00005,uses
P00237,I00011,uses
P00238,I00005,uses
P00239,I00005,uses
P00239,I00004,uses
P00239,I00011,uses
P00240,I00005,uses
P00241,I00005,uses
P00242,I00005,uses
P00243,I00005,uses
P00244,I00005,uses
P00245,I00005,uses
P00246,I00005,uses
P00246,I00021,uses
P00246,I00004,uses
P00246,I00011,uses
P00246,I00017,uses
P00247,I00005,uses
P00247,I00011,uses
P00248,I00005,uses
P00249,I00005,uses
P00249,I00011,uses
P00250,I00005,uses
P00251,I00005,uses
P00251,I00017,uses
P00252,I00005,uses
P00253,I00005,uses
P00253,I00003,uses
P00253,I00004,uses
P00254,I00005,uses
P00255,I00005,uses
P00256,I00005,uses
P00256,I00011,uses
P00257,I00005,uses
P00257,I00004,uses
P00257,I00022,uses
P00258,I00005,uses
P00258,I00003,uses
P00258,I00004,uses
P00259,I00005,uses
P00259,I00003,uses
P00259,I00004,uses
P00259,I00017,uses
P00260,I00005,uses
P00261,I00005,uses
P00262,I00005,uses
P00263,I00005,uses
P00263,I00011,uses
P00264,I00005,uses
P00265,I00005,uses
P00266,I00005,uses
P00266,I00011,uses
P00267,I00005,uses
P00267,I00011,uses
P00268,I00005,uses
P00269,I00005,uses
P00270,I00005,uses
P00271,I00005,uses
P00272,I00005,uses
P00272,I00011,uses
P00273,I00005,uses
P00274,I00005,uses
P00274,I00003,uses
P00274,I00004,uses
P00275,I00005,uses
P00276,I00005,uses
P00277,I00005,uses
P00278,I00005,uses
P00279,I00005,uses
P00280,I00005,uses
P00280,I00004,uses
P00280,I00011,uses
P00281,I00005,uses
P00282,I00005,uses
P00283,I00005,uses
P00283,I00011,uses
P00284,I00005,uses
P00284,I00011,uses
P00285,I00005,uses
P00286,I00005,uses
P00286,I00021,uses
P00287,I00005,uses
P00288,I00005,uses
P00289,I00005,uses
P00289,I00011,uses
P00290,I00005,uses
P00290,I00004,uses
P00291,I00005,uses
P00291,I00011,uses
P00292,I00005,uses
P00293,I00005,uses
P00293,I00018,uses
P00293,I00011,uses
P00294,I00005,uses
P00294,I00011,uses
P00295,I00005,uses
P00295,I00011,uses
P00296,I00005,uses
P00296,I00004,uses
P00297,I00022,uses
P00297,I00005,uses
P00297,I00011,uses
P00298,I00005,uses
P00298,I00009,uses
P00299,I00005,uses
P00299,I00011,uses
P00300,I00005,uses
P00301,I00005,uses
P00301,I00022,uses
P00301,I00011,uses
P00302,I00005,uses
P00302,I00011,uses
P00303,I00005,uses
P00304,I00005,uses
P00305,I00005,uses
P00306,I00005,uses
P00307,I00005,uses
P00308,I00005,uses
P00308,I00011,uses
P00309,I00005,uses
P00310,I00005,uses
P00311,I00005,uses
P00312,I00022,uses
P00312,I00005,uses
P00313,I00005,uses
P00314,I00005,uses
P00315,I00005,uses
P00316,I00005,uses
P00316,I00004,uses
P00317,I00022,uses
P00317,I00005,uses
P00317,I00011,uses
P00318,I00005,uses
P00319,I00005,uses
P00320,I00005,uses
P00320,I00011,uses
P00321,I00005,uses
P00322,I00005,uses
P00323,I00005,uses
P00324,I00005,uses
P00324,I00018,uses
P00324,I00011,uses
P00325,I00005,uses
P00326,I00005,uses
P00327,I00005,uses
P00328,I00005,uses
P00328,I00017,uses
P00328,I00013,uses
P00329,I00005,uses
P00330,I00005,uses
P00331,I00005,uses
P00332,I00005,uses
P00332,I00004,uses
P00333,I00005,uses
P00333,I00004,uses
P00333,I00011,uses
P00334,I00005,uses
P00334,I00004,uses
P00335,I00005,uses
P00335,I00004,uses
P00336,I00005,uses
P00336,I00008,uses
P00337,I00005,uses
P00337,I00011,uses
P00338,I00005,uses
P00339,I00005,uses
P00340,I00005,uses
P00341,I00005,uses
P00341,I00011,uses
P00342,I00005,uses
P00342,I00003,uses
P00342,I00004,uses
P00343,I00005,uses
P00343,I00023,uses
P00343,I00003,uses
P00343,I00004,uses
P00344,I00005,uses
P00344,I00011,uses
P00345,I00005,uses
P00346,I00005,uses
P00347,I00005,uses
P00347,I00011,uses
P00348,I00005,uses
P00349,I00005,uses
P00350,I00005,uses
P00350,I00003,uses
P00350,I00004,uses
P00350,I00021,uses
P00350,I00024,uses
P00351,I00005,uses
P00352,I00005,uses
P00352,I00011,uses
P00353,I00005,uses
P00354,I00005,uses
P00354,I00011,uses
P00355,I00005,uses
P00356,I00005,uses
P00357,I00005,uses
P00358,I00005,uses
P00358,I00018,uses
P00358,I00011,uses
P00359,I00005,uses
P00360,I00005,uses
P00361,I00005,uses
P00362,I00005,uses
P00363,I00005,uses
P00364,I00005,uses
P00364,I00011,uses
P00365,I00005,uses
P00366,I00005,uses
P00367,I00005,uses
P00368,I00005,uses
P00368,I00011,uses
P00369,I00005,uses
P00370,I00005,uses
P00371,I00005,uses
P00372,I00005,uses
P00373,I00005,uses
P00374,I00005,uses
P00375,I00005,uses
P00376,I00005,uses
P00376,I00011,uses
P00377,I00005,uses
P00378,I00005,uses
P00378,I00003,uses
P00378,I00004,uses
P00379,I00005,uses
P00379,I00011,uses
P00380,I00005,uses
P00380,I00011,uses
P00381,I00005,uses
P00381,I00022,uses
P00381,I00011,uses
P00382,I00005,uses
P00383,I00005,uses
P00383,I00022,uses
P00383,I00011,uses
P00384,I00005,uses
P00385,I00005,uses
P00385,I00003,uses
P00385,I00004,uses
P00386,I00005,uses
P00387,I00005,uses
P00388,I00005,uses
P00389,I00005,uses
P00390,I00005,uses
P00391,I00005,uses
P00392,I00005,uses
P00392,I00011,uses
P00393,I00005,uses
P00393,I00011,uses
P00394,I00005,uses
P00394,I00011,uses
P00395,I00005,uses
P00395,I00023,uses
P00395,I00003,uses
P00395,I00004,uses
P00396,I00005,uses
P00397,I00005,uses
P00398,I00005,uses
P00399,I00005,uses
P00400,I00005,uses
P00401,I00005,uses
P00402,I00005,uses
P00403,I00005,uses
P00404,I00005,uses
P00405,I00005,uses
P00406,I00004,uses
P00406,I00005,uses
P00407,I00005,uses
P00408,I00005,uses
P00409,I00005,uses
P00409,I00018,uses
P00410,I00005,uses
P00411,I00005,uses
P00412,I00005,uses
P00413,I00005,uses
P00414,I00005,uses
P00415,I00005,uses
P00416,I00005,uses
P00417,I00005,uses
P00417,I00011,uses
P00418,I00005,uses
P00419,I00005,uses
P00419,I00011,uses
P00420,I00005,uses
P00421,I00005,uses
P00421,I00003,uses
P00421,I00004,uses
P00422,I00005,uses
P00423,I00005,uses
P00423,I00011,uses
P00424,I00005,uses
P00425,I00005,uses
P00426,I00005,uses
P00427,I00005,uses
P00428,I00005,uses
P00429,I00005,uses
P00429,I00011,uses
P00430,I00005,uses
P00431,I00015,uses
P00431,I00005,uses
P00431,I00009,uses
P00432,I00005,uses
P00433,I00005,uses
P00434,I00005,uses
P00435,I00005,uses
P00436,I00005,uses
P00436,I00009,uses
P00437,I00005,uses
P00438,I00005,uses
P00439,I00005,uses
P00439,I00011,uses
P00440,I00005,uses
P00441,I00005,uses
P00442,I00005,uses
P00443,I00005,uses
P00443,I00010,uses
P00444,I00005,uses
P00445,I00005,uses
P00445,I00004,uses
P00446,I00005,uses
P00446,I00018,uses
P00447,I00005,uses
P00448,I00005,uses
P00449,I00005,uses
P00450,I00005,uses
P00451,I00005,uses
P00452,I00005,uses
P00453,I00005,uses
P00453,I00004,uses
P00454,I00005,uses
P00455,I00005,uses
P00456,I00005,uses
P00457,I00005,uses
P00458,I00005,uses
P00458,I00003,uses
P00458,I00004,uses
P00458,I00011,uses
P00459,I00005,uses
P00460,I00005,uses
P00461,I00005,uses
P00462,I00005,uses
P00463,I00005,uses
P00464,I00005,uses
P00464,I00011,uses
P00465,I00005,uses
P00466,I00005,uses
P00467,I00005,uses
P00468,I00005,uses
P00468,I00011,uses
P00469,I00005,uses
P00469,I00003,uses
P00469,I00004,uses
P00470,I00005,uses
P00471,I00005,uses
P00472,I00005,uses
P00473,I00005,uses
P00474,I00005,uses
P00475,I00005,uses
P00476,I00005,uses
P00477,I00005,uses
P00477,I00011,uses
P00478,I00005,uses
P00479,I00005,uses
P00479,I00003,uses
P00479,I00004,uses
P00480,I00005,uses
P00481,I00005,uses
P00482,I00005,uses
P00482,I00022,uses
P00483,I00005,uses
P00484,I00005,uses
P00485,I00005,uses
P00485,I00004,uses
P00486,I00005,uses
P00486,I00021,uses
P00487,I00005,uses
P00487,I00003,uses
P00487,I00004,uses
P00488,I00005,uses
P00489,I00005,uses
P00490,I00005,uses
P00491,I00005,uses
P00492,I00005,uses
P00493,I00005,uses
P00494,I00005,uses
P00495,I00005,uses
P00496,I00005,uses
P00497,I00005,uses
P00498,I00005,uses
P00499,I00005,uses
P00500,I00005,uses
P00501,I00005,uses
P00501,I00021,uses
P00501,I00004,uses
P00502,I00005,uses
P00502,I00011,uses
P00503,I00005,uses
P00504,I00005,uses
P00505,I00005,uses
P00506,I00005,uses
P00507,I00005,uses
P00508,I00007,uses
P00508,I00005,uses
P00508,I00006,uses
P00509,I00005,uses
P00510,I00004,uses
P00510,I00005,uses
P00510,I00003,uses
P00511,I00005,uses
P00512,I00016,uses
P00512,I00009,uses
P00513,I00018,uses
P00514,I00018,uses
P00515,I00018,uses
P00516,I00018,uses
P00517,I00018,uses
P00518,I00018,uses
P00519,I00018,uses
P00520,I00018,uses
P00521,I00018,uses
P00522,I00018,uses
P00523,I00018,uses
P00524,I00018,uses
P00525,I00018,uses
P00526,I00018,uses
P00527,I00018,uses
P00528,I00018,uses
P00529,I00018,uses
P00530,I00018,uses
P00531,I00018,uses
P00532,I00018,uses
P00532,I00003,uses
P00532,I00004,uses
P00533,I00018,uses
P00534,I00018,uses
P00535,I00018,uses
P00536,I00018,uses
P00537,I00018,uses
P00538,I00018,uses
P00539,I00018,uses
P00540,I00018,uses
P00541,I00018,uses
P00542,I00018,uses
P00543,I00018,uses
P00544,I00018,uses
P00545,I00018,uses
P00546,I00018,uses
P00547,I00018,uses
P00548,I00018,uses
P00549,I00018,uses
P00550,I00018,uses
P00550,I00011,uses
P00550,I00017,uses
P00551,I00018,uses
P00552,I00018,uses
P00552,I00004,uses
P00553,I00018,uses
P00554,I00018,uses
P00554,I00011,uses
P00555,I00018,uses
P00556,I00018,uses
P00557,I00018,uses
P00558,I00018,uses
P00559,I00018,uses
P00560,I00003,uses
P00560,I00018,uses
P00560,I00004,uses
P00560,I00011,uses
P00561,I00018,uses
P00562,I00018,uses
P00562,I00003,uses
P00562,I00004,uses
P00563,I00018,uses
P00564,I00018,uses
P00565,I00018,uses
P00566,I00009,uses
P00567,I00009,uses
P00567,I00004,uses
P00567,I00011,uses
P00568,I00009,uses
P00568,I00025,uses
P00569,I00009,uses
P00570,I00009,uses
P00571,I00013,uses
P00571,I00009,uses
P00572,I00009,uses
P00572,I00011,uses
P00573,I00009,uses
P00574,I00009,uses
P00574,I00008,uses
P00575,I00018,uses
P00575,I00011,uses
P00575,I00017,uses
P00576,I00018,uses
P00577,I00018,uses
P00578,I00018,uses
P00579,I00018,uses
P00579,I00003,uses
P00579,I00004,uses
P00580,I00018,uses
P00580,I00004,uses
P00581,I00018,uses
P00582,I00018,uses
P00583,I00018,uses
P00583,I00003,uses
P00584,I00018,uses
P00585,I00018,uses
P00585,I00003,uses
P00586,I00018,uses
P00587,I00018,uses
P00588,I00018,uses
P00589,I00018,uses
P00589,I00003,uses
P00589,I00004,uses
P00590,I00018,uses
P00590,I00003,uses
P00590,I00004,uses
P00591,I00018,uses
P00592,I00018,uses
P00592,I00003,uses
P00592,I00004,uses
P00593,I00018,uses
P00593,I00004,uses
P00594,I00018,uses
P00595,I00018,uses
P00596,I00018,uses
P00597,I00018,uses
P00598,I00018,uses
P00599,I00018,uses
P00600,I00018,uses
P00600,I00011,uses
P00601,I00018,uses
P00601,I00003,uses
P00601,I00004,uses
P00602,I00018,uses
P00603,I00018,uses
P00604,I00018,uses
P00605,I00018,uses
P00605,I00003,uses
P00605,I00004,uses
P00606,I00018,uses
P00607,I00018,uses
P00608,I00018,uses
P00609,I00018,uses
P00610,I00018,uses
P00611,I00018,uses
P00612,I00018,uses
P00612,I00003,uses
P00613,I00018,uses
P00614,I00018,uses
P00615,I00018,uses
P00616,I00018,uses
P00616,I00004,uses
P00617,I00003,uses
P00617,I00004,uses
P00617,I00018,uses
P00618,I00018,uses
P00618,I00003,uses
P00618,I00004,uses
P00619,I00018,uses
P00620,I00018,uses
P00621,I00018,uses
P00622,I00018,uses
P00622,I00003,uses
P00623,I00018,uses
P00624,I00018,uses
P00625,I00018,uses
P00626,I00018,uses
P00627,I00018,uses
P00628,I00018,uses
P00629,I00018,uses
P00629,I00004,uses
P00630,I00018,uses
P00631,I00018,uses
P00632,I00018,uses
P00633,I00018,uses
P00634,I00018,uses
P00635,I00018,uses
P00636,I00018,uses
P00637,I00018,uses
P00638,I00018,uses
P00639,I00018,uses
P00640,I00018,uses
P00641,I00018,uses
P00642,I00018,uses
P00643,I00018,uses
P00644,I00018,uses
P00645,I00018,uses
P00646,I00018,uses
P00647,I00018,uses
P00648,I00018,uses
P00649,I00018,uses
P00650,I00018,uses
P00651,I00018,uses
P00652,I00018,uses
P00653,I00018,uses
P00654,I00018,uses
P00655,I00018,uses
P00656,I00018,uses
P00656,I00017,uses
P00657,I00018,uses
P00658,I00010,uses
P00658,I00012,uses
P00659,I00010,uses
P00660,I00010,uses
P00661,I00012,uses
P00662,I00023,uses
P00663,I00023,uses
P00663,I00008,uses
P00663,I00003,uses
P00663,I00004,uses
P00664,I00006,uses
P00664,I00007,uses
P00665,I00007,uses
P00665,I00006,uses
P00666,I00007,uses
P00666,I00006,uses
P00667,I00008,uses
P00667,I00021,uses
P00667,I00003,uses
P00667,I00004,uses
P00668,I00008,uses
P00668,I00021,uses
P00668,I00003,uses
P00668,I00004,uses
P00669,I00008,uses
P00670,I00008,uses
P00670,I00003,uses
P00670,I00004,uses
P00671,I00008,uses
P00672,I00008,uses
P00672,I00003,uses
P00672,I00004,uses
P00673,I00008,uses
P00673,I00024,uses
P00673,I00021,uses
P00673,I00003,uses
P00673,I00004,uses
P00674,I00008,uses
P00674,I00003,uses
P00674,I00004,uses
P00675,I00008,uses
P00675,I00003,uses
P00675,I00004,uses
P00676,I00022,uses
P00676,I00008,uses
P00676,I00021,uses
P00676,I00024,uses
P00676,I00003,uses
P00676,I00004,uses
P00676,I00011,uses
P00677,I00008,uses
P00678,I00008,uses
P00678,I00003,uses
P00678,I00004,uses
P00679,I00008,uses
P00679,I00021,uses
P00679,I00024,uses
P00680,I00008,uses
P00681,I00008,uses
P00682,I00008,uses
P00682,I00021,uses
P00682,I00024,uses
P00682,I00003,uses
P00682,I00004,uses
P00683,I00008,uses
P00683,I00021,uses
P00683,I00024,uses
P00683,I00003,uses
P00683,I00004,uses
P00684,I00008,uses
P00685,I00008,uses
P00686,I00008,uses
P00686,I00021,uses
P00686,I00004,uses
P00687,I00008,uses
P00687,I00021,uses
P00687,I00003,uses
P00687,I00004,uses
P00688,I00008,uses
P00689,I00008,uses
P00690,I00008,uses
P00691,I00008,uses
P00691,I00003,uses
P00691,I00004,uses
P00692,I00008,uses
P00693,I00008,uses
P00694,I00008,uses
P00695,I00008,uses
P00696,I00008,uses
P00697,I00008,uses
P00697,I00003,uses
P00697,I00004,uses
P00698,I00008,uses
P00698,I00011,uses
P00699,I00008,uses
P00700,I00008,uses
P00701,I00008,uses
P00701,I00021,uses
P00701,I00003,uses
P00701,I00004,uses
P00702,I00008,uses
P00703,I00008,uses
P00704,I00008,uses
P00704,I00004,uses
P00705,I00008,uses
P00705,I00021,uses
P00706,I00008,uses
P00707,I00008,uses
P00707,I00021,uses
P00708,I00008,uses
P00709,I00008,uses
P00710,I00008,uses
P00711,I00008,uses
P00711,I00024,uses
P00711,I00021,uses
P00712,I00008,uses
P00713,I00013,uses
P00713,I00003,uses
P00713,I00008,uses
P00713,I00004,uses
P00714,I00008,uses
P00715,I00008,uses
P00716,I00008,uses
P00716,I00004,uses
P00717,I00008,uses
P00718,I00008,uses
P00719,I00008,uses
P00719,I00021,uses
P00720,I00008,uses
P00721,I00008,uses
P00722,I00008,uses
P00723,I00008,uses
P00724,I00008,uses
P00725,I00008,uses
P00726,I00008,uses
P00727,I00008,uses
P00728,I00025,uses
P00729,I00025,uses
P00730,I00025,uses
P00731,I00025,uses
P00732,I00025,uses
P00733,I00025,uses
P00734,I00025,uses
P00735,I00025,uses
P00736,I00025,uses
P00736,I00024,uses
P00736,I00021,uses
P00737,I00025,uses
P00738,I00025,uses
P00739,I00025,uses
P00739,I00021,uses
P00740,I00025,uses
P00741,I00025,uses
P00742,I00025,uses
P00743,I00025,uses
P00744,I00025,uses
P00744,I00021,uses
P00744,I00004,uses
P00745,I00025,uses
P00746,I00025,uses
P00747,I00025,uses
P00748,I00025,uses
P00749,I00025,uses
P00750,I00025,uses
P00750,I00021,uses
P00751,I00025,uses
P00752,I00025,uses
P00753,I00025,uses
P00754,I00025,uses
P00754,I00021,uses
P00754,I00024,uses
P00755,I00025,uses
P00755,I00021,uses
P00756,I00025,uses
P00757,I00025,uses
P00758,I00025,uses
P00759,I00025,uses
P00760,I00025,uses
P00761,I00025,uses
P00762,I00021,uses
P00763,I00021,uses
P00763,I00011,uses
P00764,I00021,uses
P00765,I00021,uses
P00766,I00021,uses
P00766,I00011,uses
P00767,I00021,uses
P00768,I00021,uses
P00769,I00021,uses
P00769,I00024,uses
P00770,I00021,uses
P00771,I00021,uses
P00771,I00004,uses
P00772,I00021,uses
P00773,I00021,uses
P00774,I00021,uses
P00775,I00021,uses
P00776,I00021,uses
P00777,I00021,uses
P00778,I00021,uses
P00779,I00021,uses
P00780,I00021,uses
P00781,I00021,uses
P00782,I00021,uses
P00783,I00021,uses
P00784,I00021,uses
P00785,I00021,uses
P00786,I00021,uses
P00787,I00021,uses
P00788,I00021,uses
P00789,I00021,uses
P00789,I00004,uses
P00790,I00021,uses
P00791,I00021,uses
P00792,I00021,uses
P00792,I00003,uses
P00792,I00004,uses
P00793,I00021,uses
P00793,I00003,uses
P00793,I00004,uses
P00794,I00003,uses
P00794,I00021,uses
P00794,I00004,uses
P00795,I00021,uses
P00796,I00021,uses
P00797,I00021,uses
P00798,I00021,uses
P00799,I00021,uses
P00800,I00021,uses
P00801,I00021,uses
P00802,I00021,uses
P00803,I00021,uses
P00804,I00021,uses
P00805,I00021,uses
P00805,I00003,uses
P00805,I00004,uses
P00806,I00021,uses
P00807,I00021,uses
P00808,I00021,uses
P00809,I00021,uses
P00810,I00021,uses
P00811,I00021,uses
P00811,I00024,uses
P00812,I00021,uses
P00812,I00004,uses
P00813,I00021,uses
P00814,I00021,uses
P00814,I00004,uses
P00815,I00021,uses
P00815,I00024,uses
P00816,I00021,uses
P00817,I00021,uses
P00818,I00021,uses
P00819,I00021,uses
P00820,I00021,uses
P00821,I00021,uses
P00822,I00021,uses
P00823,I00021,uses
P00824,I00021,uses
P00825,I00021,uses
P00826,I00021,uses
P00827,I00021,uses
P00828,I00021,uses
P00828,I00004,uses
P00829,I00021,uses
P00830,I00021,uses
P00831,I00021,uses
P00832,I00021,uses
P00833,I00021,uses
P00833,I00024,uses
P00834,I00021,uses
P00835,I00021,uses
P00835,I00004,uses
P00836,I00021,uses
P00837,I00021,uses
P00837,I00004,uses
P00838,I00021,uses
P00839,I00021,uses
P00839,I00004,uses
P00839,I00011,uses
P00840,I00021,uses
P00840,I00003,uses
P00840,I00004,uses
P00841,I00021,uses
P00842,I00021,uses
P00842,I00004,uses
P00843,I00021,uses
P00844,I00021,uses
P00844,I00004,uses
P00845,I00021,uses
P00845,I00003,uses
P00845,I00004,uses
P00846,I00021,uses
P00847,I00021,uses
P00847,I00003,uses
P00847,I00004,uses
P00848,I00021,uses
P00849,I00021,uses
P00849,I00003,uses
P00849,I00004,uses
P00850,I00021,uses
P00851,I00021,uses
P00851,I00004,uses
P00852,I00021,uses
P00853,I00021,uses
P00854,I00021,uses
P00855,I00021,uses
P00855,I00004,uses
P00856,I00021,uses
P00856,I00004,uses
P00857,I00021,uses
P00858,I00021,uses
P00858,I00024,uses
P00859,I00021,uses
P00860,I00021,uses
P00860,I00004,uses
P00861,I00021,uses
P00862,I00021,uses
P00863,I00026,uses
P00863,I00021,uses
P00863,I00024,uses
P00864,I00021,uses
P00865,I00021,uses
P00865,I00024,uses
P00866,I00021,uses
P00867,I00021,uses
P00868,I00021,uses
P00869,I00021,uses
P00870,I00021,uses
P00870,I00003,uses
P00870,I00004,uses
P00871,I00021,uses
P00872,I00021,uses
P00873,I00021,uses
P00874,I00021,uses
P00875,I00021,uses
P00875,I00024,uses
P00876,I00021,uses
P00877,I00021,uses
P00878,I00021,uses
P00878,I00003,uses
P00878,I00004,uses
P00878,I00022,uses
P00878,I00011,uses
P00879,I00021,uses
P00880,I00021,uses
P00880,I00004,uses
P00881,I00021,uses
P00882,I00021,uses
P00883,I00021,uses
P00884,I00021,uses
P00885,I00021,uses
P00886,I00021,uses
P00887,I00021,uses
P00888,I00021,uses
P00889,I00021,uses
P00889,I00004,uses
P00890,I00021,uses
P00891,I00021,uses
P00892,I00021,uses
P00893,I00021,uses
P00894,I00021,uses
P00894,I00003,uses
P00894,I00004,uses
P00895,I00021,uses
P00896,I00021,uses
P00897,I00021,uses
P00898,I00021,uses
P00899,I00021,uses
P00900,I00021,uses
P00901,I00021,uses
P00902,I00021,uses
P00902,I00004,uses
P00903,I00021,uses
P00904,I00021,uses
P00905,I00021,uses
P00906,I00021,uses
P00907,I00021,uses
P00908,I00021,uses
P00909,I00021,uses
P00910,I00021,uses
P00910,I00004,uses
P00911,I00021,uses
P00912,I00021,uses
P00913,I00021,uses
P00914,I00021,uses
P00915,I00024,uses
P00915,I00021,uses
P00916,I00021,uses
P00916,I00024,uses
P00917,I00021,uses
P00918,I00021,uses
P00919,I00021,uses
P00919,I00024,uses
P00920,I00021,uses
P00920,I00024,uses
P00921,I00021,uses
P00921,I00024,uses
P00922,I00021,uses
P00922,I00024,uses
P00923,I00021,uses
P00923,I00024,uses
P00924,I00021,uses
P00925,I00021,uses
P00925,I00024,uses
P00926,I00021,uses
P00927,I00021,uses
P00928,I00021,uses
P00928,I00024,uses
P00928,I00004,uses
P00929,I00021,uses
P00930,I00021,uses
P00931,I00021,uses
P00931,I00024,uses
P00932,I00021,uses
P00932,I00024,uses
P00933,I00021,uses
P00934,I00021,uses
P00934,I00024,uses
P00934,I00003,uses
P00934,I00004,uses
P00934,I00022,uses
P00934,I00011,uses
P00935,I00021,uses
P00936,I00021,uses
P00936,I00003,uses
P00936,I00004,uses
P00937,I00021,uses
P00937,I00004,uses
P00938,I00021,uses
P00938,I00011,uses
P00939,I00021,uses
P00940,I00021,uses
P00941,I00021,uses
P00942,I00021,uses
P00942,I00011,uses
P00943,I00021,uses
P00944,I00021,uses
P00945,I00021,uses
P00946,I00021,uses
P00947,I00021,uses
P00948,I00021,uses
P00949,I00021,uses
P00950,I00021,uses
P00951,I00024,uses
P00951,I00021,uses
P00952,I00021,uses
P00953,I00021,uses
P00954,I00021,uses
P00955,I00021,uses
P00956,I00021,uses
P00957,I00021,uses
P00958,I00021,uses
P00959,I00021,uses
P00959,I00004,uses
P00960,I00021,uses
P00961,I00021,uses
P00962,I00021,uses
P00963,I00021,uses
P00964,I00021,uses
P00965,I00021,uses
P00966,I00021,uses
P00967,I00021,uses
P00967,I00024,uses
P00967,I00017,uses
P00968,I00021,uses
P00969,I00021,uses
P00970,I00021,uses
P00971,I00021,uses
P00972,I00021,uses
P00973,I00021,uses
P00973,I00004,uses
P00974,I00021,uses
P00975,I00021,uses
P00976,I00021,uses
P00977,I00021,uses
P00978,I00021,uses
P00979,I00021,uses
P00980,I00021,uses
P00981,I00021,uses
P00982,I00022,uses
P00982,I00021,uses
P00982,I00003,uses
P00982,I00004,uses
P00982,I00011,uses
P00983,I00021,uses
P00983,I00004,uses
P00984,I00021,uses
P00985,I00021,uses
P00986,I00021,uses
P00986,I00003,uses
P00986,I00004,uses
P00987,I00021,uses
P00988,I00021,uses
P00989,I00021,uses
P00990,I00021,uses
P00991,I00021,uses
P00991,I00003,uses
P00991,I00004,uses
P00992,I00021,uses
P00993,I00021,uses
P00993,I00004,uses
P00994,I00021,uses
P00994,I00024,uses
P00995,I00022,uses
P00995,I00021,uses
P00996,I00021,uses
P00997,I00021,uses
P00997,I00003,uses
P00997,I00004,uses
P00998,I00024,uses
P00998,I00021,uses
P00999,I00021,uses
P00999,I00024,uses
P01000,I00021,uses
P01001,I00021,uses
P01001,I00024,uses
P01002,I00021,uses
P01002,I00024,uses
P01003,I00021,uses
P01003,I00024,uses
P01004,I00024,uses
P01004,I00021,uses
P01005,I00024,uses
P01005,I00021,uses
P01006,I00024,uses
P01006,I00021,uses
P01007,I00024,uses
P01007,I00021,uses
P01008,I00024,uses
P01008,I00021,uses
P01009,I00024,uses
P01009,I00021,uses
P01010,I00024,uses
P01010,I00021,uses
P01011,I00024,uses
P01011,I00021,uses
P01012,I00024,uses
P01012,I00021,uses
P01013,I00024,uses
P01013,I00021,uses
P01014,I00024,uses
P01014,I00021,uses
P01015,I00024,uses
P01015,I00021,uses
P01016,I00024,uses
P01016,I00021,uses
P01017,I00024,uses
P01017,I00021,uses
P01018,I00024,uses
P01018,I00021,uses
P01019,I00024,uses
P01019,I00021,uses
P01020,I00024,uses
P01020,I00021,uses
P01021,I00024,uses
P01021,I00021,uses
P01022,I00003,uses
P01022,I00024,uses
P01022,I00021,uses
P01022,I00004,uses
P01023,I00024,uses
P01023,I00021,uses
P01024,I00024,uses
P01024,I00021,uses
P01025,I00024,uses
P01025,I00021,uses
P01026,I00024,uses
P01026,I00021,uses
P01027,I00024,uses
P01027,I00021,uses
P01028,I00024,uses
P01028,I00021,uses
P01029,I00024,uses
P01029,I00021,uses
P01030,I00024,uses
P01030,I00021,uses
P01031,I00024,uses
P01031,I00021,uses
P01032,I00024,uses
P01032,I00021,uses
P01033,I00024,uses
P01033,I00021,uses
P01034,I00021,uses
P01035,I00021,uses
P01036,I00021,uses
P01037,I00021,uses
P01037,I00004,uses
P01038,I00021,uses
P01039,I00021,uses
P01039,I00004,uses
P01040,I00021,uses
P01041,I00021,uses
P01042,I00021,uses
P01043,I00003,uses
P01043,I00004,uses
P01044,I00003,uses
P01044,I00004,uses
P01045,I00003,uses
P01045,I00004,uses
P01046,I00003,uses
P01046,I00004,uses
P01047,I00003,uses
P01047,I00004,uses
P01048,I00003,uses
P01048,I00004,uses
P01049,I00003,uses
P01049,I00004,uses
P01050,I00003,uses
P01050,I00004,uses
P01051,I00003,uses
P01051,I00004,uses
P01052,I00003,uses
P01052,I00004,uses
P01053,I00003,uses
P01053,I00004,uses
P01054,I00003,uses
P01054,I00004,uses
P01055,I00003,uses
P01055,I00004,uses
P01056,I00003,uses
P01056,I00004,uses
P01057,I00003,uses
P01057,I00004,uses
P01058,I00003,uses
P01058,I00004,uses
P01059,I00003,uses
P01059,I00004,uses
P01060,I00003,uses
P01060,I00004,uses
P01061,I00003,uses
P01061,I00004,uses
P01062,I00003,uses
P01062,I00004,uses
P01063,I00003,uses
P01063,I00004,uses
P01064,I00003,uses
P01064,I00004,uses
P01065,I00003,uses
P01065,I00004,uses
P01066,I00003,uses
P01066,I00004,uses
P01067,I00003,uses
P01067,I00004,uses
P01068,I00003,uses
P01068,I00004,uses
P01069,I00003,uses
P01069,I00004,uses
P01070,I00003,uses
P01070,I00004,uses
P01071,I00003,uses
P01071,I00004,uses
P01072,I00003,uses
P01072,I00004,uses
P01073,I00003,uses
P01073,I00004,uses
P01073,I00011,uses
P01074,I00003,uses
P01074,I00004,uses
P01075,I00003,uses
P01075,I00004,uses
P01076,I00003,uses
P01076,I00004,uses
P01077,I00003,uses
P01077,I00004,uses
P01078,I00003,uses
P01078,I00004,uses
P01079,I00003,uses
P01079,I00004,uses
P01080,I00003,uses
P01080,I00004,uses
P01081,I00003,uses
P01081,I00004,uses
P01081,I00011,uses
P01082,I00003,uses
P01082,I00004,uses
P01083,I00003,uses
P01083,I00004,uses
P01084,I00003,uses
P01084,I00004,uses
P01085,I00003,uses
P01085,I00004,uses
P01086,I00003,uses
P01086,I00004,uses
P01087,I00003,uses
P01087,I00004,uses
P01088,I00003,uses
P01088,I00004,uses
P01089,I00003,uses
P01089,I00004,uses
P01090,I00003,uses
P01090,I00004,uses
P01091,I00003,uses
P01091,I00004,uses
P01092,I00003,uses
P01092,I00004,uses
P01093,I00003,uses
P01093,I00004,uses
P01094,I00003,uses
P01094,I00004,uses
P01095,I00003,uses
P01095,I00004,uses
P01096,I00003,uses
P01096,I00004,uses
P01097,I00003,uses
P01097,I00004,uses
P01098,I00003,uses
P01098,I00004,uses
P01099,I00003,uses
P01099,I00004,uses
P01100,I00003,uses
P01100,I00004,uses
P01101,I00003,uses
P01101,I00004,uses
P01102,I00003,uses
P01102,I00004,uses
P01103,I00003,uses
P01103,I00004,uses
P01104,I00003,uses
P01104,I00004,uses
P01105,I00003,uses
P01105,I00004,uses
P01106,I00003,uses
P01106,I00004,uses
P01107,I00003,uses
P01107,I00004,uses
P01108,I00003,uses
P01108,I00004,uses
P01109,I00003,uses
P01109,I00004,uses
P01110,I00003,uses
P01110,I00004,uses
P01111,I00003,uses
P01111,I00004,uses
P01112,I00003,uses
P01112,I00004,uses
P01113,I00003,uses
P01113,I00004,uses
P01114,I00003,uses
P01114,I00004,uses
P01115,I00003,uses
P01115,I00004,uses
P01116,I00003,uses
P01116,I00004,uses
P01117,I00003,uses
P01117,I00004,uses
P01118,I00003,uses
P01118,I00004,uses
P01119,I00003,uses
P01119,I00004,uses
P01120,I00003,uses
P01120,I00004,uses
P01121,I00003,uses
P01121,I00004,uses
P01122,I00003,uses
P01122,I00004,uses
P01123,I00003,uses
P01123,I00004,uses
P01124,I00003,uses
P01124,I00004,uses
P01125,I00003,uses
P01125,I00004,uses
P01126,I00003,uses
P01126,I00004,uses
P01127,I00003,uses
P01127,I00004,uses
P01128,I00003,uses
P01128,I00004,uses
P01129,I00003,uses
P01129,I00004,uses
P01130,I00003,uses
P01130,I00004,uses
P01131,I00003,uses
P01131,I00004,uses
P01132,I00003,uses
P01132,I00004,uses
P01132,I00011,uses
P01133,I00003,uses
P01133,I00004,uses
P01134,I00003,uses
P01134,I00004,uses
P01135,I00003,uses
P01135,I00004,uses
P01136,I00003,uses
P01136,I00004,uses
P01137,I00003,uses
P01137,I00004,uses
P01138,I00003,uses
P01138,I00004,uses
P01139,I00003,uses
P01139,I00004,uses
P01140,I00003,uses
P01140,I00004,uses
P01141,I00003,uses
P01141,I00004,uses
P01142,I00003,uses
P01142,I00004,uses
P01143,I00003,uses
P01143,I00004,uses
P01144,I00003,uses
P01144,I00004,uses
P01145,I00003,uses
P01145,I00004,uses
P01146,I00003,uses
P01146,I00004,uses
P01147,I00003,uses
P01147,I00004,uses
P01148,I00003,uses
P01148,I00004,uses
P01149,I00003,uses
P01149,I00004,uses
P01150,I00003,uses
P01150,I00004,uses
P01151,I00003,uses
P01151,I00004,uses
P01152,I00003,uses
P01152,I00004,uses
P01153,I00003,uses
P01153,I00004,uses
P01154,I00003,uses
P01154,I00004,uses
P01155,I00003,uses
P01155,I00004,uses
P01156,I00003,uses
P01156,I00004,uses
P01157,I00003,uses
P01157,I00004,uses
P01158,I00003,uses
P01158,I00004,uses
P01159,I00003,uses
P01159,I00004,uses
P01160,I00003,uses
P01160,I00004,uses
P01161,I00003,uses
P01161,I00004,uses
P01162,I00003,uses
P01162,I00004,uses
P01162,I00017,uses
P01163,I00003,uses
P01163,I00004,uses
P01164,I00003,uses
P01164,I00004,uses
P01165,I00003,uses
P01165,I00004,uses
P01166,I00003,uses
P01166,I00004,uses
P01167,I00003,uses
P01167,I00004,uses
P01168,I00003,uses
P01168,I00004,uses
P01169,I00003,uses
P01169,I00004,uses
P01170,I00003,uses
P01170,I00004,uses
P01171,I00003,uses
P01171,I00004,uses
P01171,I00011,uses
P01172,I00003,uses
P01172,I00004,uses
P01173,I00003,uses
P01173,I00004,uses
P01174,I00003,uses
P01174,I00004,uses
P01175,I00003,uses
P01175,I00004,uses
P01176,I00003,uses
P01176,I00004,uses
P01177,I00003,uses
P01177,I00004,uses
P01178,I00003,uses
P01178,I00004,uses
P01179,I00003,uses
P01179,I00004,uses
P01180,I00003,uses
P01180,I00004,uses
P01181,I00003,uses
P01181,I00004,uses
P01182,I00003,uses
P01182,I00004,uses
P01183,I00003,uses
P01183,I00004,uses
P01184,I00003,uses
P01184,I00004,uses
P01185,I00003,uses
P01185,I00004,uses
P01185,I00011,uses
P01186,I00003,uses
P01186,I00004,uses
P01187,I00003,uses
P01187,I00004,uses
P01188,I00003,uses
P01188,I00004,uses
P01189,I00003,uses
P01189,I00004,uses
P01190,I00003,uses
P01190,I00004,uses
P01191,I00003,uses
P01191,I00004,uses
P01191,I00011,uses
P01192,I00003,uses
P01192,I00004,uses
P01193,I00003,uses
P01193,I00004,uses
P01194,I00003,uses
P01194,I00004,uses
P01195,I00003,uses
P01195,I00004,uses
P01196,I00003,uses
P01196,I00004,uses
P01197,I00003,uses
P01197,I00004,uses
P01197,I00011,uses
P01198,I00003,uses
P01198,I00004,uses
P01199,I00003,uses
P01199,I00004,uses
P01200,I00003,uses
P01200,I00004,uses
P01201,I00003,uses
P01201,I00004,uses
P01202,I00003,uses
P01202,I00004,uses
P01203,I00003,uses
P01203,I00004,uses
P01204,I00003,uses
P01204,I00004,uses
P01205,I00003,uses
P01205,I00004,uses
P01206,I00003,uses
P01206,I00004,uses
P01207,I00003,uses
P01207,I00004,uses
P01208,I00003,uses
P01208,I00004,uses
P01209,I00003,uses
P01209,I00004,uses
P01210,I00003,uses
P01210,I00004,uses
P01211,I00003,uses
P01211,I00004,uses
P01212,I00003,uses
P01212,I00004,uses
P01213,I00003,uses
P01213,I00004,uses
P01214,I00004,uses
P01214,I00003,uses
P01215,I00003,uses
P01215,I00004,uses
P01216,I00022,uses
P01216,I00003,uses
P01216,I00004,uses
P00771,I00021,uses
P00771,I00004,uses
P00772,I00021,uses
P00773,I00021,uses
P00774,I00021,uses
P00775,I00021,uses
P00776,I00021,uses
P00777,I00021,uses
P00778,I00021,uses
P00779,I00021,uses
P00780,I00021,uses
P00781,I00021,uses
P00782,I00021,uses
P00783,I00021,uses
P00784,I00021,uses
P00785,I00021,uses
P00786,I00021,uses
P00787,I00021,uses
P00788,I00021,uses
P00789,I00021,uses
P00789,I00004,uses
P00790,I00021,uses
P00791,I00021,uses
P00792,I00021,uses
P00792,I00003,uses
P00792,I00004,uses
P00793,I00021,uses
P00793,I00003,uses
P00793,I00004,uses
P00794,I00021,uses
P00794,I00004,uses
P00795,I00021,uses
P00796,I00021,uses
P00797,I00021,uses
P00798,I00021,uses
P00799,I00021,uses
P00800,I00021,uses
P00801,I00021,uses
P00802,I00021,uses
P00803,I00021,uses
P00804,I00021,uses
P00805,I00021,uses
P00805,I00003,uses
P00805,I00004,uses
P00806,I00021,uses
P00807,I00021,uses
P00808,I00021,uses
P00809,I00021,uses
P00810,I00021,uses
P00811,I00021,uses
P00811,I00024,uses
P00812,I00021,uses
P00812,I00004,uses
P00813,I00021,uses
P00814,I00021,uses
P00814,I00004,uses
P00815,I00021,uses
P00815,I00024,uses
P00816,I00021,uses
P00817,I00021,uses
P00818,I00021,uses
P00819,I00021,uses
P00820,I00021,uses
P00821,I00021,uses
P00822,I00021,uses
P00823,I00021,uses
P00825,I00021,uses
P00826,I00021,uses
P00827,I00021,uses
P00828,I00021,uses
P00828,I00004,uses
P00829,I00021,uses
P00830,I00021,uses
P00831,I00021,uses
P00832,I00021,uses
P00833,I00021,uses
P00833,I00024,uses
P00834,I00021,uses
P00835,I00021,uses
P00835,I00004,uses
P00836,I00021,uses
P00837,I00021,uses
P00837,I00004,uses
P00838,I00021,uses
P00839,I00021,uses
P00839,I00004,uses
P00839,I00011,uses
P00840,I00021,uses
P00840,I00003,uses
P00840,I00004,uses
P00841,I00021,uses
P00842,I00004,uses
P00843,I00021,uses
P00844,I00021,uses
P00844,I00004,uses
P00845,I00021,uses
P00845,I00003,uses
P00845,I00004,uses
P00846,I00021,uses
P00847,I00021,uses
P00847,I00003,uses
P00847,I00004,uses
P00848,I00021,uses
P00849,I00003,uses
P00849,I00004,uses
P00850,I00021,uses
P00851,I00021,uses
P00851,I00004,uses
P00852,I00021,uses
P00853,I00021,uses
P00854,I00021,uses
P00855,I00021,uses
P00855,I00004,uses
P00856,I00021,uses
P00856,I00004,uses
P00857,I00021,uses
P00858,I00021,uses
P00858,I00024,uses
P00859,I00021,uses
P00860,I00021,uses
P00860,I00004,uses
P00861,I00021,uses
P00862,I00021,uses
P00863,I00021,uses
P00863,I00024,uses
P00864,I00021,uses
P00865,I00021,uses
P00865,I00024,uses
P00866,I00021,uses
P00867,I00021,uses
P00868,I00021,uses
P00869,I00021,uses
P00870,I00021,uses
P00870,I00003,uses
P00870,I00004,uses
P00871,I00021,uses
P00872,I00021,uses
P00873,I00021,uses
P00874,I00021,uses
P00875,I00021,uses
P00875,I00024,uses
P00876,I00021,uses
P00877,I00021,uses
P00878,I00021,uses
P00878,I00003,uses
P00878,I00004,uses
P00878,I00022,uses
P00878,I00011,uses
P00879,I00021,uses
P00880,I00021,uses
P00880,I00004,uses
P00882,I00021,uses
P00883,I00021,uses
P00884,I00021,uses
P00885,I00021,uses
P00886,I00021,uses
P00887,I00021,uses
P00888,I00021,uses
P00889,I00021,uses
P00889,I00004,uses
P00890,I00021,uses
P00891,I00021,uses
P00892,I00021,uses
P00893,I00021,uses
P00894,I00021,uses
P00894,I00003,uses
P00894,I00004,uses
P00895,I00021,uses
P00896,I00021,uses
P00897,I00021,uses
P00898,I00021,uses
P00899,I00021,uses
P00900,I00021,uses
P00901,I00021,uses
P00902,I00021,uses
P00902,I00004,uses
P00903,I00021,uses
P00904,I00021,uses
P00905,I00021,uses
P00906,I00021,uses
P00907,I00021,uses
P00908,I00021,uses
P00909,I00021,uses
P00910,I00021,uses
P00910,I00004,uses
P00911,I00021,uses
P00912,I00021,uses
P00913,I00021,uses
P00914,I00021,uses
P00915,I00021,uses
P00916,I00021,uses
P00916,I00024,uses
P00917,I00021,uses
P00918,I00021,uses
P00919,I00021,uses
P00919,I00024,uses
P00920,I00021,uses
P00920,I00024,uses
P00921,I00021,uses
P00921,I00024,uses
P00922,I00021,uses
P00922,I00024,uses
P00923,I00021,uses
P00923,I00024,uses
P00924,I00021,uses
P00925,I00021,uses
P00925,I00024,uses
P00926,I00021,uses
P00927,I00021,uses
P00928,I00021,uses
P00928,I00024,uses
P00928,I00004,uses
P00929,I00021,uses
P00930,I00021,uses
P00931,I00021,uses
P00931,I00024,uses
P00932,I00021,uses
P00932,I00024,uses
P00933,I00021,uses
P00934,I00021,uses
P00934,I00024,uses
P00934,I00003,uses
P00934,I00004,uses
P00934,I00022,uses
P00934,I00011,uses
P00935,I00021,uses
P00936,I00021,uses
P00936,I00003,uses
P00936,I00004,uses
P00937,I00021,uses
P00937,I00004,uses
P00938,I00021,uses
P00938,I00011,uses
P00939,I00021,uses
P00940,I00021,uses
P00941,I00021,uses
P00942,I00021,uses
P00942,I00011,uses
P00943,I00021,uses
P00944,I00021,uses
P00945,I00021,uses
P00946,I00021,uses
P00947,I00021,uses
P00948,I00021,uses
P00949,I00021,uses
P00950,I00021,uses
P00951,I00021,uses
P00952,I00021,uses
P00953,I00021,uses
P00954,I00021,uses
P00955,I00021,uses
P00956,I00021,uses
P00957,I00021,uses
P00958,I00021,uses
P00959,I00021,uses
P01219,I00003,uses
P01219,I00004,uses
P01220,I00003,uses
P01220,I00004,uses
P01221,I00003,uses
P01221,I00004,uses
P01222,I00003,uses
P01222,I00004,uses
P01223,I00003,uses
P01223,I00004,uses
P01224,I00003,uses
P01224,I00004,uses
P01225,I00003,uses
P01225,I00004,uses
P01226,I00003,uses
P01226,I00004,uses
P01227,I00003,uses
P01227,I00004,uses
P01228,I00003,uses
P01228,I00004,uses
P01229,I00003,uses
P01229,I00004,uses
P01230,I00003,uses
P01230,I00004,uses
P01231,I00003,uses
P01231,I00004,uses
P01232,I00003,uses
P01232,I00004,uses
P01233,I00003,uses
P01233,I00004,uses
P01234,I00003,uses
P01234,I00004,uses
P01235,I00003,uses
P01235,I00004,uses
P01236,I00003,uses
P01236,I00004,uses
P01237,I00003,uses
P01237,I00004,uses
P01238,I00003,uses
P01238,I00004,uses
P01239,I00003,uses
P01239,I00004,uses
P01240,I00003,uses
P01240,I00004,uses
P01241,I00003,uses
P01241,I00004,uses
P01242,I00003,uses
P01242,I00004,uses
P01243,I00003,uses
P01243,I00004,uses
P01244,I00003,uses
P01244,I00004,uses
P01245,I00003,uses
P01245,I00004,uses
P01246,I00003,uses
P01246,I00004,uses
P01247,I00003,uses
P01247,I00004,uses
P01248,I00003,uses
P01248,I00004,uses
P01249,I00003,uses
P01249,I00004,uses
P01250,I00003,uses
P01250,I00004,uses
P01250,I00011,uses
P01251,I00003,uses
P01252,I00003,uses
P01252,I00004,uses
P01253,I00003,uses
P01253,I00004,uses
P01254,I00003,uses
P01254,I00004,uses
P01255,I00003,uses
P01255,I00004,uses
P01256,I00003,uses
P01256,I00004,uses
P01257,I00004,uses
P01258,I00003,uses
P01258,I00004,uses
P01259,I00003,uses
P01259,I00004,uses
P01260,I00003,uses
P01260,I00004,uses
P01261,I00003,uses
P01261,I00004,uses
P01262,I00003,uses
P01262,I00004,uses
P01263,I00003,uses
P01263,I00004,uses
P01264,I00003,uses
P01264,I00004,uses
P01265,I00003,uses
P01265,I00004,uses
P01266,I00003,uses
P01266,I00004,uses
P01267,I00003,uses
P01267,I00004,uses
P01268,I00003,uses
P01268,I00004,uses
P01269,I00003,uses
P01269,I00004,uses
P01270,I00003,uses
P01270,I00004,uses
P01271,I00003,uses
P01271,I00004,uses
P01272,I00003,uses
P01272,I00004,uses
P01273,I00003,uses
P01273,I00004,uses
P01274,I00003,uses
P01274,I00004,uses
P01275,I00003,uses
P01275,I00004,uses
P01276,I00003,uses
P01277,I00003,uses
P01277,I00004,uses
P01278,I00003,uses
P01278,I00004,uses
P01278,I00011,uses
P01279,I00003,uses
P01280,I00003,uses
P01281,I00003,uses
P01282,I00003,uses
P01282,I00004,uses
P01282,I00011,uses
P01283,I00003,uses
P01284,I00003,uses
P01285,I00003,uses
P01286,I00003,uses
P01287,I00003,uses
P01288,I00003,uses
P01289,I00004,uses
P01290,I00004,uses
P01291,I00004,uses
P01292,I00004,uses
P01293,I00004,uses
P01294,I00004,uses
P00959,I00004,uses
P00960,I00021,uses
P00961,I00021,uses
P00962,I00021,uses
P00963,I00021,uses
P00964,I00021,uses
P00965,I00021,uses
P00966,I00021,uses
P00967,I00021,uses
P00967,I00024,uses
P00967,I00017,uses
P00968,I00021,uses
P00969,I00021,uses
P00970,I00021,uses
P00971,I00021,uses
P00972,I00021,uses
P00973,I00021,uses
P00973,I00004,uses
P00974,I00021,uses
P00975,I00021,uses
P00976,I00021,uses
P00977,I00021,uses
P00978,I00021,uses
P00979,I00021,uses
P00980,I00021,uses
P00981,I00021,uses
P00982,I00021,uses
P00982,I00003,uses
P00982,I00004,uses
P00982,I00011,uses
P00983,I00021,uses
P00983,I00004,uses
P00984,I00021,uses
P00985,I00021,uses
P00986,I00021,uses
P00986,I00003,uses
P00986,I00004,uses
P00987,I00021,uses
P00988,I00021,uses
P00989,I00021,uses
P00990,I00021,uses
P00991,I00021,uses
P00991,I00003,uses
P00991,I00004,uses
P00992,I00021,uses
P00993,I00021,uses
P00993,I00004,uses
P00994,I00024,uses
P00995,I00021,uses
P00997,I00021,uses
P00997,I00003,uses
P00997,I00004,uses
P00998,I00021,uses
P00999,I00021,uses
P00999,I00024,uses
P01000,I00021,uses
P01001,I00021,uses
P01001,I00024,uses
P01002,I00021,uses
P01002,I00024,uses
P01003,I00021,uses
P01003,I00024,uses
P01004,I00024,uses
P01004,I00021,uses
P01005,I00024,uses
P01005,I00021,uses
P01006,I00024,uses
P01006,I00021,uses
P01007,I00024,uses
P01007,I00021,uses
P01008,I00024,uses
P01008,I00021,uses
P01009,I00024,uses
P01009,I00021,uses
P01010,I00024,uses
P01010,I00021,uses
P01011,I00024,uses
P01011,I00021,uses
P01012,I00024,uses
P01012,I00021,uses
P01013,I00024,uses
P01013,I00021,uses
P01014,I00024,uses
P01014,I00021,uses
P01015,I00024,uses
P01015,I00021,uses
P01016,I00024,uses
P01016,I00021,uses
P01017,I00024,uses
P01017,I00021,uses
P01018,I00024,uses
P01018,I00021,uses
P01019,I00024,uses
P01019,I00021,uses
P01020,I00024,uses
P01020,I00021,uses
P01021,I00024,uses
P01021,I00021,uses
P01022,I00024,uses
P01022,I00021,uses
P01022,I00004,uses
P01023,I00024,uses
P01023,I00021,uses
P01024,I00024,uses
P01024,I00021,uses
P01025,I00024,uses
P01025,I00021,uses
P01026,I00024,uses
P01026,I00021,uses
P01027,I00024,uses
P01027,I00021,uses
P01028,I00024,uses
P01028,I00021,uses
P01029,I00024,uses
P01029,I00021,uses
P01030,I00024,uses
P01030,I00021,uses
P01031,I00024,uses
P01031,I00021,uses
P01032,I00024,uses
P01032,I00021,uses
P01033,I00024,uses
P01033,I00021,uses
P01035,I00021,uses
P01036,I00021,uses
P01037,I00021,uses
P01037,I00004,uses
P01038,I00021,uses
P01039,I00021,uses
P01039,I00004,uses
P01040,I00021,uses
P01041,I00021,uses
P01042,I00021,uses
P01043,I00003,uses
P01043,I00004,uses
P01044,I00003,uses
P01044,I00004,uses
P01045,I00003,uses
P01045,I00004,uses
P01046,I00003,uses
P01046,I00004,uses
P01047,I00003,uses
P01047,I00004,uses
P01048,I00003,uses
P01048,I00004,uses
P01049,I00003,uses
P01049,I00004,uses
P01050,I00003,uses
P01050,I00004,uses
P01051,I00003,uses
P01051,I00004,uses
P01052,I00003,uses
P01052,I00004,uses
P01053,I00003,uses
P01053,I00004,uses
P01054,I00003,uses
P01054,I00004,uses
P01055,I00003,uses
P01055,I00004,uses
P01056,I00003,uses
P01056,I00004,uses
P01057,I00003,uses
P01057,I00004,uses
P01058,I00003,uses
P01058,I00004,uses
P01059,I00003,uses
P01059,I00004,uses
P01060,I00003,uses
P01060,I00004,uses
P01061,I00003,uses
P01061,I00004,uses
P01062,I00003,uses
P01062,I00004,uses
P01063,I00003,uses
P01063,I00004,uses
P01064,I00003,uses
P01064,I00004,uses
P01065,I00003,uses
P01065,I00004,uses
P01066,I00003,uses
P01066,I00004,uses
P01067,I00003,uses
P01067,I00004,uses
P01068,I00003,uses
P01068,I00004,uses
P01069,I00003,uses
P01069,I00004,uses
P01070,I00003,uses
P01070,I00004,uses
P01071,I00004,uses
P01072,I00003,uses
P01072,I00004,uses
P01073,I00003,uses
P01073,I00004,uses
P01073,I00011,uses
P01074,I00003,uses
P01074,I00004,uses
P01075,I00003,uses
P01075,I00004,uses
P01076,I00003,uses
P01076,I00004,uses
P01077,I00003,uses
P01077,I00004,uses
P01078,I00003,uses
P01078,I00004,uses
P01079,I00003,uses
P01079,I00004,uses
P01080,I00003,uses
P01080,I00004,uses
P01081,I00003,uses
P01081,I00004,uses
P01081,I00011,uses
P01082,I00003,uses
P01082,I00004,uses
P01083,I00003,uses
P01083,I00004,uses
P01084,I00003,uses
P01084,I00004,uses
P01085,I00003,uses
P01085,I00004,uses
P01086,I00003,uses
P01086,I00004,uses
P01087,I00003,uses
P01087,I00004,uses
P01088,I00003,uses
P01088,I00004,uses
P01089,I00003,uses
P01089,I00004,uses
P01090,I00003,uses
P01090,I00004,uses
P01091,I00003,uses
P01091,I00004,uses
P01092,I00003,uses
P01092,I00004,uses
P01093,I00003,uses
P01093,I00004,uses
P01094,I00003,uses
P01094,I00004,uses
P01095,I00003,uses
P01095,I00004,uses
P01096,I00003,uses
P01096,I00004,uses
P01097,I00003,uses
P01097,I00004,uses
P01098,I00003,uses
P01098,I00004,uses
P01099,I00003,uses
P01099,I00004,uses
P01100,I00003,uses
P01100,I00004,uses
P01101,I00003,uses
P01101,I00004,uses
P01102,I00003,uses
P01102,I00004,uses
P01103,I00003,uses
P01103,I00004,uses
P01104,I00003,uses
P01104,I00004,uses
P01105,I00003,uses
P01105,I00004,uses
P01106,I00003,uses
P01106,I00004,uses
P01107,I00004,uses
P01108,I00003,uses
P01108,I00004,uses
P01109,I00003,uses
P01109,I00004,uses
P01110,I00004,uses
P01111,I00003,uses
P01111,I00004,uses
P01112,I00004,uses
P01113,I00003,uses
P01113,I00004,uses
P01114,I00003,uses
P01114,I00004,uses
P01115,I00003,uses
P01115,I00004,uses
P01116,I00003,uses
P01116,I00004,uses
P01117,I00003,uses
P01117,I00004,uses
P01118,I00003,uses
P01118,I00004,uses
P01119,I00003,uses
P01119,I00004,uses
P01120,I00003,uses
P01120,I00004,uses
P01121,I00003,uses
P01121,I00004,uses
P01122,I00003,uses
P01122,I00004,uses
P01123,I00003,uses
P01123,I00004,uses
P01124,I00003,uses
P01124,I00004,uses
P01125,I00003,uses
P01125,I00004,uses
P01126,I00003,uses
P01126,I00004,uses
P01127,I00003,uses
P01127,I00004,uses
P01128,I00003,uses
P01128,I00004,uses
P01129,I00003,uses
P01129,I00004,uses
P01130,I00003,uses
P01130,I00004,uses
P01131,I00003,uses
P01131,I00004,uses
P01132,I00003,uses
P01132,I00004,uses
P01132,I00011,uses
P01133,I00003,uses
P01133,I00004,uses
P01134,I00003,uses
P01134,I00004,uses
P01135,I00003,uses
P01135,I00004,uses
P01136,I00003,uses
P01136,I00004,uses
P01137,I00003,uses
P01137,I00004,uses
P01138,I00003,uses
P01138,I00004,uses
P01139,I00003,uses
P01139,I00004,uses
P01140,I00003,uses
P01140,I00004,uses
P01141,I00003,uses
P01141,I00004,uses
P01142,I00003,uses
P01142,I00004,uses
P01143,I00003,uses
P01143,I00004,uses
P01144,I00003,uses
P01144,I00004,uses
P01145,I00003,uses
P01145,I00004,uses
P01146,I00003,uses
P01146,I00004,uses
P01147,I00003,uses
P01147,I00004,uses
P01148,I00003,uses
P01148,I00004,uses
P01149,I00003,uses
P01149,I00004,uses
P01150,I00003,uses
P01150,I00004,uses
P01151,I00003,uses
P01151,I00004,uses
P01152,I00004,uses
P01153,I00003,uses
P01153,I00004,uses
P01154,I00003,uses
P01154,I00004,uses
P01155,I00003,uses
P01155,I00004,uses
P01156,I00003,uses
P01156,I00004,uses
P01157,I00003,uses
P01157,I00004,uses
P01158,I00003,uses
P01158,I00004,uses
P01159,I00003,uses
P01159,I00004,uses
P01160,I00003,uses
P01160,I00004,uses
P01161,I00003,uses
P01161,I00004,uses
P01162,I00003,uses
P01162,I00004,uses
P01162,I00017,uses
P01163,I00003,uses
P01163,I00004,uses
P01164,I00003,uses
P01164,I00004,uses
P01165,I00003,uses
P01165,I00004,uses
P01166,I00003,uses
P01166,I00004,uses
P01167,I00003,uses
P01167,I00004,uses
P01168,I00003,uses
P01168,I00004,uses
P01169,I00003,uses
P01169,I00004,uses
P01170,I00003,uses
P01170,I00004,uses
P01171,I00003,uses
P01171,I00004,uses
P01171,I00011,uses
P01172,I00003,uses
P01172,I00004,uses
P01173,I00003,uses
P01173,I00004,uses
P01174,I00003,uses
P01174,I00004,uses
P01175,I00003,uses
P01175,I00004,uses
P01176,I00003,uses
P01176,I00004,uses
P01177,I00003,uses
P01177,I00004,uses
P01178,I00003,uses
P01178,I00004,uses
P01179,I00003,uses
P01179,I00004,uses
P01180,I00003,uses
P01180,I00004,uses
P01181,I00003,uses
P01181,I00004,uses
P01182,I00003,uses
P01182,I00004,uses
P01183,I00003,uses
P01183,I00004,uses
P01184,I00003,uses
P01184,I00004,uses
P01185,I00003,uses
P01185,I00004,uses
P01185,I00011,uses
P01186,I00003,uses
P01186,I00004,uses
P01187,I00003,uses
P01187,I00004,uses
P01188,I00003,uses
P01188,I00004,uses
P01189,I00003,uses
P01189,I00004,uses
P01190,I00003,uses
P01190,I00004,uses
P01191,I00003,uses
P01191,I00004,uses
P01191,I00011,uses
P01192,I00003,uses
P01192,I00004,uses
P01193,I00003,uses
P01193,I00004,uses
P01194,I00003,uses
P01194,I00004,uses
P01195,I00003,uses
P01195,I00004,uses
P01196,I00003,uses
P01196,I00004,uses
P01197,I00003,uses
P01197,I00004,uses
P01197,I00011,uses
P01198,I00003,uses
P01198,I00004,uses
P01199,I00003,uses
P01199,I00004,uses
P01200,I00003,uses
P01200,I00004,uses
P01201,I00003,uses
P01201,I00004,uses
P01202,I00003,uses
P01202,I00004,uses
P01203,I00003,uses
P01203,I00004,uses
P01204,I00003,uses
P01204,I00004,uses
P01205,I00003,uses
P01205,I00004,uses
P01206,I00003,uses
P01206,I00004,uses
P01207,I00003,uses
P01207,I00004,uses
P01208,I00003,uses
P01208,I00004,uses
P01209,I00003,uses
P01209,I00004,uses
P01210,I00003,uses
P01210,I00004,uses
P01211,I00003,uses
P01211,I00004,uses
P01212,I00003,uses
P01212,I00004,uses
P01213,I00003,uses
P01213,I00004,uses
P01214,I00003,uses
P01215,I00003,uses
P01215,I00004,uses
P01216,I00003,uses
P01216,I00004,uses
P01217,I00003,uses
P01217,I00004,uses
P01218,I00003,uses
P01218,I00004,uses
P01647,I00004,uses
P01648,I00004,uses
P01649,I00004,uses
P01650,I00004,uses
P01295,I00004,uses
P01296,I00004,uses
P01297,I00004,uses
P01298,I00004,uses
P01299,I00004,uses
P01300,I00004,uses
P01301,I00004,uses
P01302,I00004,uses
P01303,I00004,uses
P01304,I00004,uses
P01305,I00004,uses
P01306,I00004,uses
P01307,I00004,uses
P01308,I00004,uses
P01309,I00004,uses
P01310,I00004,uses
P01311,I00004,uses
P01312,I00004,uses
P01313,I00004,uses
P01314,I00004,uses
P01316,I00004,uses
P01317,I00004,uses
P01318,I00004,uses
P01319,I00004,uses
P01320,I00004,uses
P01320,I00011,uses
P01321,I00004,uses
P01322,I00004,uses
P01323,I00004,uses
P01324,I00004,uses
P01325,I00004,uses
P01326,I00004,uses
P01326,I00011,uses
P01327,I00004,uses
P01328,I00004,uses
P01329,I00004,uses
P01330,I00004,uses
P01331,I00004,uses
P01332,I00004,uses
P01333,I00004,uses
P01334,I00004,uses
P01335,I00004,uses
P01336,I00004,uses
P01337,I00004,uses
P01338,I00004,uses
P01339,I00004,uses
P01340,I00004,uses
P01341,I00004,uses
P01342,I00004,uses
P01343,I00004,uses
P01344,I00004,uses
P01345,I00004,uses
P01346,I00004,uses
P01347,I00004,uses
P01348,I00004,uses
P01349,I00004,uses
P01350,I00004,uses
P01351,I00004,uses
P01352,I00004,uses
P01353,I00004,uses
P01354,I00004,uses
P01355,I00004,uses
P01356,I00004,uses
P01357,I00004,uses
P01358,I00004,uses
P01359,I00004,uses
P01362,I00004,uses
P01363,I00004,uses
P01364,I00004,uses
P01364,I00011,uses
P01365,I00004,uses
P01366,I00004,uses
P01367,I00004,uses
P01368,I00004,uses
P01369,I00004,uses
P01370,I00004,uses
P01371,I00004,uses
P01372,I00004,uses
P01373,I00004,uses
P01374,I00004,uses
P01375,I00004,uses
P01375,I00011,uses
P01376,I00004,uses
P01377,I00004,uses
P01379,I00004,uses
P01380,I00004,uses
P01380,I00011,uses
P01381,I00004,uses
P01382,I00004,uses
P01382,I00011,uses
P01383,I00004,uses
P01384,I00004,uses
P01385,I00004,uses
P01386,I00004,uses
P01387,I00004,uses
P01388,I00004,uses
P01389,I00004,uses
P01390,I00004,uses
P01391,I00004,uses
P01392,I00004,uses
P01393,I00004,uses
P01394,I00004,uses
P01395,I00004,uses
P01396,I00004,uses
P01397,I00004,uses
P01398,I00004,uses
P01399,I00004,uses
P01400,I00004,uses
P01401,I00004,uses
P01402,I00004,uses
P01403,I00004,uses
P01404,I00004,uses
P01405,I00004,uses
P01406,I00004,uses
P01407,I00004,uses
P01408,I00004,uses
P01409,I00004,uses
P01410,I00004,uses
P01411,I00004,uses
P01412,I00004,uses
P01413,I00004,uses
P01414,I00004,uses
P01415,I00004,uses
P01416,I00004,uses
P01417,I00004,uses
P01418,I00004,uses
P01419,I00004,uses
P01420,I00004,uses
P01421,I00004,uses
P01422,I00004,uses
P01423,I00004,uses
P01424,I00004,uses
P01425,I00004,uses
P01426,I00004,uses
P01427,I00004,uses
P01428,I00004,uses
P01429,I00004,uses
P01430,I00004,uses
P01431,I00004,uses
P01432,I00004,uses
P01433,I00004,uses
P01434,I00004,uses
P01435,I00004,uses
P01435,I00011,uses
P01436,I00004,uses
P01437,I00004,uses
P01438,I00004,uses
P01439,I00004,uses
P01440,I00004,uses
P01441,I00004,uses
P01442,I00004,uses
P01443,I00004,uses
P01444,I00004,uses
P01445,I00004,uses
P01446,I00004,uses
P01447,I00004,uses
P01448,I00004,uses
P01449,I00004,uses
P01451,I00004,uses
P01453,I00004,uses
P01454,I00004,uses
P01455,I00004,uses
P01456,I00004,uses
P01457,I00004,uses
P01459,I00004,uses
P01460,I00004,uses
P01461,I00004,uses
P01462,I00004,uses
P01463,I00004,uses
P01464,I00004,uses
P01465,I00004,uses
P01466,I00004,uses
P01467,I00004,uses
P01468,I00004,uses
P01469,I00004,uses
P01470,I00004,uses
P01471,I00004,uses
P01472,I00004,uses
P01473,I00004,uses
P01474,I00004,uses
P01475,I00004,uses
P01476,I00004,uses
P01477,I00004,uses
P01478,I00004,uses
P01479,I00004,uses
P01480,I00004,uses
P01481,I00004,uses
P01482,I00004,uses
P01483,I00004,uses
P01485,I00004,uses
P01486,I00004,uses
P01487,I00004,uses
P01488,I00004,uses
P01489,I00004,uses
P01490,I00004,uses
P01491,I00004,uses
P01492,I00004,uses
P01493,I00004,uses
P01494,I00004,uses
P01495,I00004,uses
P01496,I00004,uses
P01497,I00004,uses
P01498,I00004,uses
P01499,I00004,uses
P01500,I00004,uses
P01501,I00004,uses
P01502,I00004,uses
P01503,I00004,uses
P01504,I00004,uses
P01505,I00004,uses
P01506,I00004,uses
P01507,I00004,uses
P01508,I00004,uses
P01509,I00004,uses
P01510,I00004,uses
P01511,I00004,uses
P01512,I00004,uses
P01513,I00004,uses
P01514,I00004,uses
P01515,I00004,uses
P01516,I00004,uses
P01517,I00004,uses
P01518,I00004,uses
P01519,I00004,uses
P01520,I00004,uses
P01521,I00004,uses
P01522,I00004,uses
P01523,I00004,uses
P01524,I00004,uses
P01525,I00004,uses
P01526,I00004,uses
P01527,I00004,uses
P01528,I00004,uses
P01529,I00004,uses
P01530,I00004,uses
P01531,I00004,uses
P01532,I00004,uses
P01533,I00004,uses
P01534,I00004,uses
P01535,I00004,uses
P01536,I00004,uses
P01537,I00004,uses
P01538,I00004,uses
P01539,I00004,uses
P01540,I00004,uses
P01541,I00004,uses
P01542,I00004,uses
P01543,I00004,uses
P01544,I00004,uses
P01545,I00004,uses
P01546,I00004,uses
P01547,I00004,uses
P01548,I00004,uses
P01549,I00004,uses
P01550,I00004,uses
P01551,I00004,uses
P01552,I00004,uses
P01553,I00004,uses
P01554,I00004,uses
P01555,I00004,uses
P01556,I00004,uses
P01557,I00004,uses
P01558,I00004,uses
P01559,I00004,uses
P01560,I00004,uses
P01561,I00004,uses
P01562,I00004,uses
P01564,I00004,uses
P01565,I00004,uses
P01566,I00004,uses
P01567,I00004,uses
P01568,I00004,uses
P01569,I00004,uses
P01570,I00004,uses
P01572,I00004,uses
P01573,I00004,uses
P01574,I00004,uses
P01575,I00004,uses
P01576,I00004,uses
P00097,I00017,uses
P00097,I00014,uses
P00097,I00011,uses
P01458,I00004,uses
P01458,I00003,uses
P00881,I00021,uses
P01315,I00004,uses
P01315,I00003,uses
P01484,I00004,uses
P01484,I00003,uses
P01361,I00004,uses
P01361,I00003,uses
