paper_id,instrument_id,instrument_status
P00001,I00001,uses
P00002,I00002,uses
P00003,I00001,uses
P00004,I00001,uses
P00005,I00003,uses
P00005,I00004,uses
P00005,I00001,uses
P00006,I00005,uses
P00006,I00003,uses
P00006,I00004,uses
P00006,I00001,uses
P00007,I00005,uses
P00008,I00003,uses
P00008,I00004,uses
P00008,I00001,uses
P00009,I00001,uses
P00010,I00006,uses
P00011,I00001,uses
P00012,I00001,uses
P00013,I00005,uses
P00013,I00007,uses
P00013,I00008,uses
P00014,I00001,uses
P00015,I00006,uses
P00016,I00006,uses
P00017,I00006,uses
P00018,I00008,uses
P00019,I00006,uses
P00020,I00006,uses
P00021,I00006,uses
P00022,I00009,uses
P00023,I00001,uses
P00024,I00001,uses
P00025,I00001,uses
P00026,I00005,uses
P00027,I00006,uses
P00028,I00002,uses
P00029,I00001,uses
P00030,I00003,uses
P00030,I00004,uses
P00030,I00001,uses
P00031,I00006,uses
P00032,I00006,uses
P00033,I00003,uses
P00033,I00001,uses
P00034,I00001,uses
P00035,I00007,uses
P00035,I00001,uses
P00036,I00001,uses
P00037,I00003,uses
P00038,I00003,uses
P00038,I00001,uses
P00039,I00005,uses
P00040,I00005,uses
P00040,I00006,uses
P00041,I00003,uses
P00041,I00004,uses
P00041,I00001,uses
P00042,I00001,uses
P00043,I00006,uses
P00044,I00001,uses
P00045,I00005,uses
P00046,I00008,uses
P00047,I00005,uses
P00048,I00009,uses
P00049,I00001,uses
P00050,I00007,uses
P00051,I00005,uses
P00052,I00007,uses
P00053,I00007,uses
P00053,I00008,uses
P00053,I00003,uses
P00053,I00004,uses
P00054,I00001,uses
P00055,I00001,uses
P00056,I00006,uses
P00057,I00005,uses
P00058,I00001,uses
P00059,I00001,uses
P00060,I00007,uses
P00061,I00001,uses
P00062,I00001,uses
P00063,I00001,uses
P00064,I00005,uses
P00064,I00006,uses
P00065,I00001,uses
P00066,I00006,uses
P00067,I00001,uses
P00068,I00005,uses
P00069,I00005,uses
P00070,I00001,uses
P00071,I00001,uses
P00072,I00001,uses
P00073,I00001,uses
P00074,I00001,uses
P00075,I00005,uses
P00075,I00001,uses
P00076,I00001,uses
P00077,I00006,uses
P00078,I00005,uses
P00079,I00001,uses
P00079,I00006,uses
P00080,I00001,uses
P00081,I00005,uses
P00082,I00006,uses
P00083,I00001,uses
P00084,I00003,uses
P00084,I00004,uses
P00084,I00001,uses
P00085,I00005,uses
P00085,I00006,uses
P00086,I00003,uses
P00087,I00001,uses
P00088,I00003,uses
P00089,I00006,uses
P00090,I00001,uses
P00091,I00001,uses
P00092,I00005,uses
P00093,I00001,uses
P00094,I00003,uses
P00094,I00004,uses
P00094,I00001,uses
P00095,I00005,uses
P00096,I00007,uses
P00097,I00001,uses
P00098,I00010,uses
P00098,I00006,uses
P00099,I00006,uses
P00100,I00001,uses
P00101,I00006,uses
P00102,I00001,uses
P00103,I00001,uses
P00104,I00008,uses
P00105,I00005,uses
P00106,I00005,uses
P00107,I00005,uses
P00108,I00006,uses
P00109,I00001,uses
P00110,I00001,uses
P00111,I00010,uses
P00112,I00001,uses
P00113,I00003,uses
P00113,I00001,uses
P00114,I00005,uses
P00115,I00001,uses
P00116,I00005,uses
P00117,I00007,uses
P00118,I00005,uses
P00119,I00006,uses
P00120,I00003,uses
P00121,I00005,uses
P00122,I00006,uses
P00123,I00005,uses
P00123,I00008,uses
P00124,I00006,uses
P00125,I00001,uses
P00126,I00003,uses
P00126,I00004,uses
P00126,I00001,uses
P00127,I00007,uses
P00128,I00006,uses
P00129,I00010,uses
P00130,I00005,uses
P00131,I00005,uses
P00132,I00005,uses
P00133,I00001,uses
P00134,I00011,uses
P00135,I00003,uses
P00136,I00001,uses
P00137,I00005,uses
P00137,I00008,uses
P00138,I00010,uses
P00139,I00006,uses
P00140,I00006,uses
P00141,I00003,uses
P00142,I00001,uses
P00143,I00003,uses
P00144,I00001,uses
P00145,I00006,uses
P00146,I00005,uses
P00147,I00007,uses
P00148,I00005,uses
P00149,I00008,uses
P00150,I00003,uses
P00150,I00006,uses
P00151,I00001,uses
P00152,I00001,uses
P00153,I00001,uses
P00154,I00007,uses
P00155,I00001,uses
P00156,I00008,uses
P00157,I00001,uses
P00158,I00006,uses
P00159,I00007,uses
P00160,I00005,uses
P00161,I00007,uses
P00162,I00007,uses
P00163,I00001,uses
P00164,I00008,uses
P00164,I00001,uses
P00165,I00007,uses
P00166,I00001,uses
P00167,I00005,uses
P00168,I00007,uses
P00169,I00006,uses
P00170,I00006,uses
P00171,I00007,uses
P00172,I00007,uses
P00173,I00007,uses
P00174,I00005,uses
P00175,I00005,uses
P00176,I00006,uses
P00177,I00001,uses
P00178,I00005,uses
P00179,I00005,uses
P00180,I00006,uses
P00181,I00003,uses
P00181,I00004,uses
P00181,I00001,uses
P00181,I00006,uses
P00182,I00005,uses
P00183,I00003,uses
P00183,I00004,uses
P00183,I00001,uses
P00183,I00006,uses
P00184,I00008,uses
P00185,I00001,uses
P00186,I00008,uses
P00187,I00005,uses
P00188,I00007,uses
P00189,I00005,uses
P00190,I00006,uses
P00191,I00007,uses
P00191,I00003,uses
P00191,I00004,uses
P00191,I00001,uses
P00192,I00007,uses
P00193,I00006,uses
P00194,I00006,uses
P00195,I00003,uses
P00196,I00005,uses
P00197,I00007,uses
P00198,I00005,uses
P00198,I00003,uses
P00198,I00006,uses
P00199,I00001,uses
P00200,I00005,uses
P00201,I00002,uses
P00202,I00001,uses
P00203,I00001,uses
P00204,I00005,uses
P00205,I00001,uses
P00205,I00006,uses
P00206,I00003,uses
P00206,I00001,uses
P00207,I00003,uses
P00208,I00012,uses
P00208,I00008,uses
P00209,I00001,uses
P00210,I00001,uses
P00211,I00007,uses
P00211,I00008,uses
P00212,I00003,uses
P00212,I00004,uses
P00212,I00001,uses
P00213,I00001,uses
P00214,I00001,uses
P00215,I00005,uses
P00216,I00006,uses
P00217,I00005,uses
P00217,I00008,uses
P00217,I00006,uses
P00218,I00001,uses
P00219,I00001,uses
P00220,I00007,uses
P00221,I00001,uses
P00222,I00003,uses
P00222,I00004,uses
P00223,I00006,uses
P00224,I00003,uses
P00224,I00001,uses
P00225,I00001,uses
P00226,I00001,uses
P00227,I00001,uses
P00228,I00003,uses
P00228,I00004,uses
P00228,I00001,uses
P00228,I00006,uses
P00229,I00001,uses
P00230,I00001,uses
P00231,I00005,uses
P00232,I00007,uses
P00233,I00006,uses
P00234,I00005,uses
P00235,I00003,uses
P00236,I00007,uses
P00237,I00005,uses
P00238,I00001,uses
P00239,I00001,uses
P00240,I00008,uses
P00241,I00001,uses
P00242,I00001,uses
P00243,I00001,uses
P00244,I00001,uses
P00245,I00001,uses
P00246,I00007,uses
P00247,I00007,uses
P00247,I00006,uses
P00248,I00006,uses
P00249,I00001,uses
P00250,I00005,uses
P00251,I00007,uses
P00252,I00005,uses
P00253,I00001,uses
P00254,I00001,uses
P00255,I00007,uses
P00256,I00007,uses
P00256,I00001,uses
P00257,I00006,uses
P00258,I00006,uses
P00259,I00007,uses
P00260,I00001,uses
P00261,I00007,uses
P00261,I00003,uses
P00261,I00004,uses
P00261,I00001,uses
P00262,I00001,uses
P00263,I00001,uses
P00264,I00005,uses
P00265,I00005,uses
P00266,I00001,uses
P00267,I00001,uses
P00268,I00005,uses
P00269,I00001,uses
P00270,I00003,uses
P00270,I00004,uses
P00270,I00001,uses
P00270,I00006,uses
P00271,I00006,uses
P00272,I00001,uses
P00273,I00001,uses
P00274,I00005,uses
P00275,I00001,uses
P00276,I00005,uses
P00277,I00003,uses
P00277,I00001,uses
P00278,I00006,uses
P00279,I00006,uses
P00280,I00006,uses
P00281,I00008,uses
P00282,I00007,uses
P00283,I00007,uses
P00284,I00003,uses
P00284,I00004,uses
P00284,I00001,uses
P00285,I00012,uses
P00286,I00006,uses
P00287,I00006,uses
P00288,I00013,uses
P00289,I00001,uses
P00290,I00001,uses
P00291,I00005,uses
P00292,I00006,uses
P00293,I00005,uses
P00293,I00003,uses
P00293,I00006,uses
P00294,I00003,uses
P00294,I00004,uses
P00294,I00001,uses
P00295,I00005,uses
P00295,I00006,uses
P00296,I00001,uses
P00297,I00003,uses
P00297,I00004,uses
P00297,I00001,uses
P00298,I00001,uses
P00299,I00008,uses
P00300,I00006,uses
P00301,I00003,uses
P00301,I00004,uses
P00301,I00001,uses
P00302,I00006,uses
P00303,I00001,uses
P00304,I00003,uses
P00305,I00001,uses
P00306,I00008,uses
P00307,I00007,uses
P00308,I00005,uses
P00309,I00007,uses
P00310,I00001,uses
P00311,I00005,uses
P00312,I00001,uses
P00313,I00007,uses
P00314,I00007,uses
P00315,I00007,uses
P00316,I00001,uses
P00317,I00001,uses
P00318,I00001,uses
P00319,I00001,uses
P00320,I00001,uses
P00321,I00001,uses
P00322,I00003,uses
P00322,I00001,uses
P00323,I00001,uses
P00324,I00001,uses
P00325,I00003,uses
P00325,I00006,uses
P00326,I00006,uses
P00327,I00006,uses
P00328,I00001,uses
P00329,I00012,uses
P00329,I00005,uses
P00329,I00008,uses
P00330,I00005,uses
P00331,I00006,uses
P00332,I00007,uses
P00333,I00001,uses
P00334,I00003,uses
P00334,I00004,uses
P00334,I00001,uses
P00335,I00001,uses
P00336,I00001,uses
P00337,I00001,uses
P00338,I00001,uses
P00339,I00006,uses
P00340,I00001,uses
P00341,I00005,uses
P00342,I00005,uses
P00343,I00005,uses
P00343,I00007,uses
P00343,I00008,uses
P00344,I00007,uses
P00345,I00007,uses
P00345,I00008,uses
P00346,I00007,uses
P00347,I00001,uses
P00348,I00009,uses
P00348,I00001,uses
P00349,I00007,uses
P00350,I00003,uses
P00350,I00001,uses
P00351,I00001,uses
P00352,I00003,uses
P00352,I00004,uses
P00352,I00001,uses
P00353,I00013,uses
P00353,I00005,uses
P00354,I00001,uses
P00355,I00006,uses
P00356,I00003,uses
P00356,I00004,uses
P00356,I00001,uses
P00357,I00007,uses
P00358,I00006,uses
P00359,I00006,uses
P00360,I00001,uses
P00361,I00001,uses
P00362,I00005,uses
P00362,I00007,uses
P00362,I00003,uses
P00363,I00005,uses
P00363,I00006,uses
P00364,I00003,uses
P00364,I00004,uses
P00364,I00001,uses
P00365,I00003,uses
P00365,I00004,uses
P00365,I00001,uses
P00366,I00007,uses
P00367,I00006,uses
P00368,I00001,uses
P00369,I00003,uses
P00370,I00003,uses
P00371,I00003,uses
P00371,I00004,uses
P00371,I00001,uses
P00372,I00005,uses
P00373,I00005,uses
P00374,I00001,uses
P00375,I00003,uses
P00376,I00005,uses
P00377,I00001,uses
P00378,I00001,uses
P00379,I00001,uses
P00380,I00001,uses
P00381,I00005,uses
P00382,I00003,uses
P00383,I00005,uses
P00384,I00006,uses
P00385,I00005,uses
P00385,I00008,uses
P00386,I00005,uses
P00387,I00006,uses
P00388,I00003,uses
P00388,I00001,uses
P00389,I00001,uses
P00390,I00001,uses
P00391,I00003,uses
P00392,I00012,uses
P00393,I00007,uses
P00394,I00008,uses
P00394,I00006,uses
P00395,I00001,uses
P00396,I00005,uses
P00397,I00003,uses
P00398,I00003,uses
P00399,I00001,uses
P00400,I00001,uses
P00401,I00001,uses
P00402,I00003,uses
P00402,I00001,uses
P00403,I00005,uses
P00404,I00007,uses
P00405,I00007,uses
P00406,I00003,uses
P00407,I00005,uses
P00408,I00005,uses
P00408,I00006,uses
P00409,I00001,uses
P00410,I00005,uses
P00411,I00001,uses
P00412,I00003,uses
P00412,I00004,uses
P00412,I00001,uses
P00413,I00001,uses
P00414,I00001,uses
P00415,I00007,uses
P00416,I00006,uses
P00417,I00006,uses
P00418,I00001,uses
P00419,I00003,uses
P00420,I00006,uses
P00421,I00001,uses
P00422,I00003,uses
P00423,I00003,uses
P00424,I00005,uses
P00425,I00003,uses
P00426,I00003,uses
P00427,I00007,uses
P00428,I00001,uses
P00429,I00001,uses
P00430,I00006,uses
P00431,I00006,uses
P00432,I00003,uses
P00433,I00003,uses
P00434,I00001,uses
P00434,I00006,uses
P00435,I00005,uses
P00436,I00001,uses
P00437,I00001,uses
P00438,I00003,uses
P00439,I00003,uses
P00440,I00007,uses
P00440,I00003,uses
P00440,I00001,uses
P00441,I00005,uses
P00442,I00003,uses
P00442,I00001,uses
P00443,I00005,uses
P00444,I00007,uses
P00445,I00005,uses
P00446,I00003,uses
P00447,I00005,uses
P00448,I00007,uses
P00449,I00010,uses
P00449,I00006,uses
P00450,I00007,uses
P00451,I00011,uses
P00452,I00005,uses
P00452,I00006,uses
P00453,I00001,uses
P00454,I00003,uses
P00455,I00001,uses
P00456,I00002,uses
P00457,I00007,uses
P00458,I00007,uses
P00459,I00001,uses
P00460,I00013,uses
P00460,I00005,uses
P00460,I00008,uses
P00460,I00003,uses
P00461,I00005,uses
P00462,I00005,uses
P00462,I00008,uses
P00463,I00007,uses
P00464,I00005,uses
P00465,I00006,uses
P00466,I00005,uses
P00467,I00001,uses
P00468,I00006,uses
P00469,I00005,uses
P00470,I00003,uses
P00470,I00004,uses
P00470,I00001,uses
P00471,I00003,uses
P00471,I00001,uses
P00472,I00001,uses
P00473,I00003,uses
P00474,I00007,uses
P00475,I00007,uses
P00476,I00005,uses
P00477,I00007,uses
P00478,I00012,uses
P00479,I00005,uses
P00480,I00001,uses
P00481,I00003,uses
P00481,I00006,uses
P00482,I00005,uses
P00482,I00008,uses
P00483,I00001,uses
P00484,I00001,uses
P00485,I00007,uses
P00486,I00005,uses
P00487,I00008,uses
P00488,I00001,uses
P00489,I00001,uses
P00490,I00006,uses
P00491,I00005,uses
P00491,I00008,uses
P00492,I00007,uses
P00492,I00003,uses
P00493,I00007,uses
P00494,I00005,uses
P00495,I00005,uses
P00496,I00013,uses
P00496,I00005,uses
P00497,I00001,uses
P00498,I00013,uses
P00498,I00005,uses
P00498,I00007,uses
P00498,I00008,uses
P00498,I00003,uses
P00499,I00007,uses
P00500,I00007,uses
P00501,I00007,uses
P00502,I00003,uses
P00502,I00004,uses
P00502,I00001,uses
P00503,I00003,uses
P00504,I00005,uses
P00505,I00001,uses
P00506,I00001,uses
P00506,I00006,uses
P00507,I00007,uses
P00508,I00008,uses
P00509,I00001,uses
P00510,I00006,uses
P00511,I00007,uses
P00512,I00001,uses
P00513,I00010,uses
P00514,I00008,uses
P00515,I00003,uses
P00515,I00001,uses
P00516,I00007,uses
P00517,I00005,uses
P00517,I00001,uses
P00518,I00005,uses
P00519,I00001,uses
P00520,I00001,uses
P00521,I00003,uses
P00521,I00004,uses
P00521,I00001,uses
P00521,I00006,uses
P00522,I00006,uses
P00523,I00005,uses
P00524,I00006,uses
P00525,I00001,uses
P00526,I00005,uses
P00526,I00006,uses
P00527,I00003,uses
P00528,I00001,uses
P00529,I00007,uses
P00530,I00001,uses
P00531,I00001,uses
P00532,I00006,uses
P00533,I00003,uses
P00533,I00004,uses
P00533,I00001,uses
P00534,I00007,uses
P00535,I00006,uses
P00536,I00005,uses
P00536,I00001,uses
P00537,I00007,uses
P00537,I00008,uses
P00538,I00007,uses
P00539,I00001,uses
P00540,I00007,uses
P00541,I00005,uses
P00542,I00002,uses
P00543,I00003,uses
P00543,I00004,uses
P00543,I00001,uses
P00544,I00007,uses
P00545,I00003,uses
P00545,I00004,uses
P00545,I00001,uses
P00546,I00001,uses
P00547,I00006,uses
P00548,I00003,uses
P00548,I00001,uses
P00549,I00001,uses
P00550,I00005,uses
P00551,I00006,uses
P00552,I00003,uses
P00553,I00005,uses
P00554,I00007,uses
P00555,I00005,uses
P00556,I00001,uses
P00557,I00003,uses
P00558,I00007,uses
P00559,I00007,uses
P00560,I00006,uses
P00561,I00007,uses
P00562,I00006,uses
P00563,I00005,uses
P00564,I00006,uses
P00565,I00008,uses
P00565,I00006,uses
P00566,I00007,uses
P00566,I00003,uses
P00567,I00001,uses
P00568,I00003,uses
P00568,I00004,uses
P00568,I00001,uses
P00569,I00006,uses
P00570,I00006,uses
P00571,I00001,uses
P00572,I00002,uses
P00573,I00014,uses
P00574,I00007,uses
P00575,I00001,uses
P00576,I00001,uses
P00577,I00006,uses
P00578,I00001,uses
P00579,I00007,uses
P00580,I00013,uses
P00581,I00005,uses
P00582,I00003,uses
P00582,I00004,uses
P00582,I00001,uses
P00583,I00006,uses
P00584,I00003,uses
P00585,I00003,uses
P00585,I00004,uses
P00585,I00001,uses
P00586,I00001,uses
P00587,I00006,uses
P00588,I00006,uses
P00589,I00001,uses
P00590,I00001,uses
P00591,I00013,uses
P00591,I00003,uses
P00592,I00006,uses
P00593,I00007,uses
P00594,I00013,uses
P00594,I00005,uses
P00594,I00006,uses
P00595,I00006,uses
P00596,I00009,uses
P00597,I00007,uses
P00598,I00007,uses
P00599,I00003,uses
P00600,I00005,uses
P00601,I00007,uses
P00602,I00007,uses
P00603,I00006,uses
P00604,I00005,uses
P00605,I00011,uses
P00606,I00007,uses
P00607,I00005,uses
P00608,I00001,uses
P00609,I00007,uses
P00610,I00005,uses
P00611,I00006,uses
P00612,I00003,uses
P00613,I00001,uses
P00614,I00006,uses
P00615,I00006,uses
P00616,I00001,uses
P00617,I00003,uses
P00618,I00003,uses
P00619,I00001,uses
P00620,I00006,uses
P00621,I00005,uses
P00622,I00006,uses
P00623,I00001,uses
P00624,I00001,uses
P00625,I00005,uses
P00626,I00005,uses
P00627,I00007,uses
P00628,I00003,uses
P00629,I00007,uses
P00630,I00001,uses
P00631,I00001,uses
P00632,I00005,uses
P00633,I00005,uses
P00634,I00006,uses
P00635,I00001,uses
P00636,I00003,uses
P00636,I00004,uses
P00636,I00001,uses
P00637,I00003,uses
P00638,I00005,uses
P00639,I00001,uses
P00640,I00001,uses
P00641,I00007,uses
P00642,I00007,uses
P00643,I00008,uses
P00644,I00005,uses
P00644,I00008,uses
P00645,I00008,uses
P00645,I00006,uses
P00646,I00001,uses
P00647,I00001,uses
P00648,I00002,uses
P00649,I00005,uses
P00650,I00003,uses
P00650,I00004,uses
P00650,I00001,uses
P00650,I00006,uses
P00651,I00006,uses
P00652,I00001,uses
P00653,I00001,uses
P00654,I00002,uses
P00654,I00006,uses
P00655,I00007,uses
P00656,I00007,uses
P00657,I00001,uses
P00658,I00001,uses
P00659,I00003,uses
P00660,I00007,uses
P00661,I00005,uses
P00662,I00005,uses
P00663,I00013,uses
P00664,I00005,uses
P00664,I00001,uses
P00665,I00007,uses
P00666,I00001,uses
P00667,I00013,uses
P00667,I00005,uses
P00668,I00005,uses
P00669,I00001,uses
P00670,I00001,uses
P00670,I00006,uses
P00671,I00005,uses
P00671,I00003,uses
P00671,I00006,uses
P00672,I00006,uses
P00673,I00008,uses
P00674,I00005,uses
P00674,I00007,uses
P00675,I00007,uses
P00676,I00001,uses
P00677,I00007,uses
P00678,I00006,uses
P00679,I00001,uses
P00680,I00003,uses
P00680,I00004,uses
P00680,I00001,uses
P00681,I00001,uses
P00682,I00013,uses
P00682,I00005,uses
P00682,I00015,uses
P00683,I00007,uses
P00684,I00007,uses
P00685,I00001,uses
P00686,I00001,uses
P00687,I00006,uses
P00688,I00007,uses
P00689,I00001,uses
P00690,I00014,uses
P00691,I00006,uses
P00692,I00001,uses
P00693,I00003,uses
P00693,I00004,uses
P00693,I00001,uses
P00694,I00005,uses
P00695,I00006,uses
P00696,I00005,uses
P00696,I00001,uses
P00697,I00005,uses
P00697,I00001,uses
P00698,I00005,uses
P00699,I00005,uses
P00699,I00007,uses
P00700,I00006,uses
P00701,I00001,uses
P00702,I00007,uses
P00703,I00011,uses
P00704,I00001,uses
P00705,I00001,uses
P00706,I00007,uses
P00707,I00006,uses
P00708,I00006,uses
P00709,I00001,uses
P00710,I00001,uses
P00711,I00005,uses
P00711,I00015,uses
P00712,I00016,uses
P00712,I00007,uses
P00713,I00001,uses
P00714,I00001,uses
P00715,I00008,uses
P00715,I00003,uses
P00716,I00005,uses
P00717,I00005,uses
P00718,I00001,uses
P00719,I00005,uses
P00720,I00007,uses
P00721,I00006,uses
P00722,I00001,uses
P00723,I00007,uses
P00724,I00005,uses
P00725,I00005,uses
P00725,I00006,uses
P00726,I00001,uses
P00727,I00001,uses
P00728,I00013,uses
P00729,I00005,uses
P00730,I00002,uses
P00731,I00001,uses
P00732,I00002,uses
P00733,I00005,uses
P00734,I00003,uses
P00734,I00004,uses
P00734,I00001,uses
P00735,I00003,uses
P00736,I00007,uses
P00737,I00002,uses
P00737,I00003,uses
P00737,I00006,uses
P00738,I00007,uses
P00739,I00002,uses
P00740,I00007,uses
P00740,I00006,uses
P00741,I00001,uses
P00742,I00007,uses
P00743,I00005,uses
P00744,I00001,uses
P00745,I00001,uses
P00746,I00001,uses
P00747,I00001,uses
P00748,I00006,uses
P00749,I00016,uses
P00750,I00003,uses
P00750,I00004,uses
P00750,I00001,uses
P00751,I00003,uses
P00751,I00004,uses
P00751,I00001,uses
P00752,I00007,uses
P00753,I00001,uses
P00754,I00003,uses
P00755,I00008,uses
P00756,I00001,uses
P00757,I00016,uses
P00758,I00005,uses
P00758,I00003,uses
P00759,I00006,uses
P00760,I00006,uses
P00761,I00001,uses
P00762,I00001,uses
P00763,I00003,uses
P00764,I00002,uses
P00765,I00005,uses
P00766,I00001,uses
P00767,I00016,uses
P00768,I00001,uses
P00769,I00012,uses
P00769,I00006,uses
P00770,I00007,uses
P00771,I00002,uses
P00772,I00008,uses
P00772,I00003,uses
P00772,I00004,uses
P00772,I00001,uses
P00773,I00007,uses
P00774,I00007,uses
P00774,I00003,uses
P00774,I00004,uses
P00774,I00001,uses
P00775,I00001,uses
P00776,I00001,uses
P00777,I00006,uses
P00778,I00001,uses
P00779,I00005,uses
P00779,I00001,uses
P00780,I00005,uses
P00781,I00008,uses
P00782,I00001,uses
P00783,I00016,uses
P00784,I00003,uses
P00784,I00004,uses
P00784,I00001,uses
P00785,I00001,uses
P00786,I00005,uses
P00786,I00008,uses
P00787,I00002,uses
P00787,I00006,uses
P00788,I00007,uses
P00789,I00007,uses
P00790,I00001,uses
P00791,I00007,uses
P00791,I00003,uses
P00791,I00004,uses
P00791,I00001,uses
P00792,I00005,uses
P00793,I00007,uses
P00794,I00001,uses
P00795,I00001,uses
P00796,I00005,uses
P00796,I00003,uses
P00796,I00004,uses
P00796,I00001,uses
P00797,I00001,uses
P00798,I00001,uses
P00799,I00006,uses
P00800,I00001,uses
P00801,I00006,uses
P00802,I00001,uses
P00803,I00001,uses
P00804,I00007,uses
P00805,I00001,uses
P00806,I00001,uses
P00807,I00007,uses
P00807,I00003,uses
P00808,I00003,uses
P00808,I00001,uses
P00809,I00001,uses
P00810,I00005,uses
P00811,I00001,uses
P00812,I00005,uses
P00813,I00001,uses
P00814,I00007,uses
P00815,I00007,uses
P00816,I00006,uses
P00817,I00003,uses
P00817,I00004,uses
P00817,I00001,uses
P00817,I00006,uses
P00818,I00016,uses
P00818,I00008,uses
P00818,I00003,uses
P00818,I00004,uses
P00818,I00001,uses
P00819,I00008,uses
P00820,I00016,uses
P00821,I00002,uses
P00822,I00007,uses
P00822,I00001,uses
P00823,I00001,uses
P00824,I00003,uses
P00825,I00005,uses
P00826,I00001,uses
P00827,I00007,uses
P00828,I00005,uses
P00829,I00006,uses
P00830,I00007,uses
P00831,I00005,uses
P00832,I00005,uses
P00833,I00002,uses
P00834,I00001,uses
P00835,I00003,uses
P00835,I00006,uses
P00836,I00001,uses
P00837,I00006,uses
P00838,I00007,uses
P00839,I00001,uses
P00840,I00007,uses
P00841,I00001,uses
P00842,I00006,uses
P00843,I00003,uses
P00843,I00004,uses
P00843,I00001,uses
P00844,I00001,uses
P00845,I00001,uses
P00846,I00007,uses
P00847,I00003,uses
P00847,I00004,uses
P00847,I00001,uses
P00848,I00005,uses
P00849,I00007,uses
P00850,I00001,uses
P00851,I00003,uses
P00851,I00004,uses
P00851,I00001,uses
P00851,I00006,uses
P00852,I00001,uses
P00853,I00003,uses
P00853,I00004,uses
P00853,I00001,uses
P00854,I00003,uses
P00854,I00006,uses
P00855,I00006,uses
P00856,I00001,uses
P00857,I00013,uses
P00857,I00003,uses
P00857,I00004,uses
P00857,I00001,uses
P00858,I00008,uses
P00858,I00003,uses
P00858,I00004,uses
P00858,I00001,uses
P00859,I00001,uses
P00860,I00003,uses
P00860,I00006,uses
P00861,I00007,uses
P00862,I00005,uses
P00862,I00006,uses
P00863,I00007,uses
P00864,I00006,uses
P00865,I00007,uses
P00866,I00007,uses
P00866,I00003,uses
P00867,I00008,uses
P00868,I00010,uses
P00869,I00001,uses
P00870,I00007,uses
P00871,I00016,uses
P00872,I00005,uses
P00873,I00005,uses
P00874,I00001,uses
P00875,I00016,uses
P00875,I00003,uses
P00875,I00004,uses
P00875,I00001,uses
P00876,I00007,uses
P00877,I00005,uses
P00878,I00005,uses
P00879,I00005,uses
P00880,I00005,uses
P00881,I00007,uses
P00882,I00001,uses
P00883,I00006,uses
P00884,I00007,uses
P00885,I00016,uses
P00885,I00007,uses
P00886,I00001,uses
P00887,I00003,uses
P00887,I00004,uses
P00887,I00001,uses
P00888,I00007,uses
P00889,I00016,uses
P00890,I00016,uses
P00891,I00001,uses
P00892,I00005,uses
P00893,I00001,uses
P00894,I00008,uses
P00894,I00001,uses
P00895,I00001,uses
P00896,I00001,uses
P00897,I00003,uses
P00898,I00005,uses
P00898,I00003,uses
P00899,I00016,uses
P00900,I00001,uses
P00901,I00005,uses
P00902,I00006,uses
P00903,I00005,uses
P00904,I00001,uses
P00905,I00016,uses
P00906,I00008,uses
P00907,I00001,uses
P00908,I00001,uses
P00909,I00001,uses
P00910,I00013,uses
P00911,I00001,uses
P00912,I00008,uses
P00912,I00006,uses
P00913,I00005,uses
P00914,I00003,uses
P00914,I00004,uses
P00914,I00001,uses
P00915,I00008,uses
P00916,I00007,uses
P00917,I00001,uses
P00918,I00007,uses
P00918,I00003,uses
P00919,I00012,uses
P00920,I00005,uses
P00921,I00007,uses
P00922,I00012,uses
P00923,I00001,uses
P00924,I00001,uses
P00925,I00003,uses
P00925,I00004,uses
P00926,I00002,uses
P00926,I00003,uses
P00927,I00005,uses
P00928,I00006,uses
P00929,I00005,uses
P00930,I00005,uses
P00931,I00001,uses
P00931,I00006,uses
P00932,I00007,uses
P00933,I00001,uses
P00934,I00007,uses
P00935,I00007,uses
P00936,I00001,uses
P00937,I00016,uses
P00938,I00001,uses
P00939,I00005,uses
P00940,I00008,uses
P00940,I00003,uses
P00940,I00004,uses
P00940,I00001,uses
P00941,I00016,uses
P00942,I00007,uses
P00943,I00005,uses
P00943,I00003,uses
P00944,I00007,uses
P00945,I00005,uses
P00946,I00008,uses
P00947,I00001,uses
P00948,I00003,uses
P00949,I00005,uses
P00950,I00006,uses
P00951,I00006,uses
P00952,I00017,uses
P00952,I00003,uses
P00952,I00004,uses
P00953,I00006,uses
P00954,I00003,uses
P00954,I00004,uses
P00954,I00001,uses
P00955,I00003,uses
P00956,I00006,uses
P00957,I00006,uses
P00958,I00001,uses
P00959,I00007,uses
P00960,I00001,uses
P00961,I00016,uses
P00962,I00007,uses
P00963,I00005,uses
P00964,I00005,uses
P00965,I00007,uses
P00966,I00016,uses
P00967,I00003,uses
P00967,I00001,uses
P00968,I00007,uses
P00969,I00005,uses
P00970,I00006,uses
P00971,I00007,uses
P00972,I00006,uses
P00973,I00007,uses
P00974,I00002,uses
P00975,I00005,uses
P00976,I00001,uses
P00977,I00001,uses
P00978,I00005,uses
P00979,I00001,uses
P00979,I00006,uses
P00980,I00013,uses
P00981,I00013,uses
P00981,I00005,uses
P00982,I00010,uses
P00982,I00013,uses
P00982,I00005,uses
P00983,I00006,uses
P00984,I00005,uses
P00985,I00016,uses
P00985,I00003,uses
P00985,I00004,uses
P00985,I00001,uses
P00986,I00003,uses
P00987,I00013,uses
P00987,I00005,uses
P00988,I00002,uses
P00989,I00005,uses
P00990,I00001,uses
P00991,I00006,uses
P00992,I00001,uses
P00993,I00001,uses
P00994,I00002,uses
P00995,I00005,uses
P00996,I00005,uses
P00997,I00001,uses
P00998,I00001,uses
P00999,I00006,uses
P01000,I00007,uses
P01001,I00008,uses
P01001,I00006,uses
P01002,I00003,uses
P01002,I00004,uses
P01002,I00001,uses
P01002,I00006,uses
P01003,I00007,uses
P01004,I00001,uses
P01005,I00006,uses
P01006,I00006,uses
P01007,I00005,uses
P01008,I00007,uses
P01009,I00001,uses
P01010,I00001,uses
P01011,I00013,uses
P01011,I00005,uses
P01012,I00008,uses
P01012,I00011,uses
P01012,I00003,uses
P01012,I00006,uses
P01013,I00003,uses
P01014,I00007,uses
P01015,I00001,uses
P01016,I00001,uses
P01017,I00001,uses
P01018,I00005,uses
P01019,I00006,uses
P01020,I00008,uses
P01021,I00002,uses
P01022,I00002,uses
P01023,I00006,uses
P01024,I00007,uses
P01024,I00003,uses
P01025,I00007,uses
P01026,I00003,uses
P01027,I00001,uses
P01028,I00005,uses
P01029,I00001,uses
P01030,I00001,uses
P01031,I00001,uses
P01032,I00007,uses
P01033,I00008,uses
P01033,I00003,uses
P01033,I00006,uses
P01034,I00016,uses
P01035,I00016,uses
P01036,I00003,uses
P01036,I00004,uses
P01037,I00001,uses
P01038,I00007,uses
P01039,I00005,uses
P01040,I00007,uses
P01041,I00008,uses
P01042,I00001,uses
P01043,I00005,uses
P01044,I00013,uses
P01045,I00001,uses
P01046,I00001,uses
P01047,I00001,uses
P01048,I00001,uses
P01049,I00001,uses
P01050,I00001,uses
P01051,I00002,uses
P01052,I00001,uses
P01053,I00006,uses
P01054,I00001,uses
P01055,I00007,uses
P01056,I00001,uses
P01057,I00001,uses
P01058,I00001,uses
P01059,I00003,uses
P01060,I00001,uses
P01061,I00001,uses
P01062,I00007,uses
P01063,I00013,uses
P01064,I00008,uses
P01065,I00006,uses
P01066,I00001,uses
P01067,I00005,uses
P01068,I00001,uses
P01069,I00007,uses
P01070,I00012,uses
P01071,I00006,uses
P01072,I00009,uses
P01073,I00007,uses
P01074,I00008,uses
P01075,I00002,uses
P01076,I00007,uses
P01077,I00007,uses
P01078,I00003,uses
P01079,I00003,uses
P01079,I00004,uses
P01079,I00001,uses
P01080,I00016,uses
P01081,I00016,uses
P01081,I00007,uses
P01081,I00003,uses
P01081,I00004,uses
P01081,I00001,uses
P01082,I00005,uses
P01083,I00001,uses
P01084,I00001,uses
P01085,I00006,uses
P01086,I00007,uses
P01087,I00001,uses
P01088,I00006,uses
P01089,I00003,uses
P01090,I00001,uses
P01091,I00001,uses
P01092,I00007,uses
P01093,I00001,uses
P01094,I00001,uses
P01095,I00005,uses
P01095,I00006,uses
P01096,I00008,uses
P01096,I00002,uses
P01096,I00006,uses
P01097,I00001,uses
P01098,I00005,uses
P01099,I00003,uses
P01100,I00005,uses
P01101,I00001,uses
P01102,I00005,uses
P01103,I00003,uses
P01103,I00004,uses
P01103,I00001,uses
P01103,I00006,uses
P01104,I00006,uses
P01105,I00016,uses
P01106,I00001,uses
P01107,I00016,uses
P01108,I00001,uses
P01109,I00016,uses
P01110,I00006,uses
P01111,I00006,uses
P01112,I00002,uses
P01113,I00001,uses
P01114,I00006,uses
P01115,I00006,uses
P01116,I00001,uses
P01117,I00006,uses
P01118,I00007,uses
P01119,I00001,uses
P01120,I00001,uses
P01121,I00016,uses
P01122,I00006,uses
P01123,I00006,uses
P01124,I00001,uses
P01125,I00007,uses
P01126,I00007,uses
P01127,I00007,uses
P01128,I00007,uses
P01129,I00007,uses
P01130,I00007,uses
P01131,I00003,uses
P01132,I00001,uses
P01133,I00013,uses
P01134,I00007,uses
P01135,I00003,uses
P01135,I00004,uses
P01135,I00001,uses
P01135,I00006,uses
P01136,I00007,uses
P01137,I00007,uses
P01138,I00001,uses
P01139,I00002,uses
P01140,I00001,uses
P01141,I00001,uses
P01142,I00001,uses
P01143,I00003,uses
P01143,I00004,uses
P01143,I00001,uses
P01144,I00001,uses
P01145,I00001,uses
P01146,I00018,uses
P01147,I00007,uses
P01148,I00001,uses
P01149,I00003,uses
P01150,I00008,uses
P01150,I00003,uses
P01151,I00006,uses
P01152,I00002,uses
P01153,I00016,uses
P01154,I00013,uses
P01155,I00007,uses
P01156,I00005,uses
P01156,I00006,uses
P01157,I00003,uses
P01157,I00004,uses
P01158,I00006,uses
P01159,I00005,uses
P01160,I00001,uses
P01161,I00001,uses
P01162,I00005,uses
P01163,I00001,uses
P01163,I00006,uses
P01164,I00006,uses
P01165,I00003,uses
P01165,I00001,uses
P01166,I00007,uses
P01167,I00006,uses
P01168,I00001,uses
P01169,I00001,uses
P01170,I00005,uses
P01171,I00003,uses
P01172,I00008,uses
P01172,I00006,uses
P01173,I00001,uses
P01174,I00005,uses
P01175,I00016,uses
P01176,I00005,uses
P01177,I00006,uses
P01178,I00007,uses
P01179,I00016,uses
P01180,I00005,uses
P01181,I00007,uses
P01182,I00001,uses
P01183,I00001,uses
P01184,I00006,uses
P01185,I00007,uses
P01186,I00005,uses
P01187,I00005,uses
P01188,I00007,uses
P01189,I00001,uses
P01190,I00007,uses
P01191,I00007,uses
P01192,I00001,uses
P01192,I00006,uses
P01193,I00001,uses
P01194,I00001,uses
P01195,I00006,uses
P01196,I00001,uses
P01197,I00005,uses
P01198,I00006,uses
P01199,I00003,uses
P01200,I00016,uses
P01201,I00006,uses
P01202,I00008,uses
P01202,I00015,uses
P01202,I00006,uses
P01203,I00007,uses
P01204,I00006,uses
P01205,I00001,uses
P01206,I00013,uses
P01206,I00005,uses
P01206,I00007,uses
P01206,I00006,uses
P01207,I00001,uses
P01208,I00018,uses
P01209,I00002,uses
P01210,I00005,uses
P01211,I00001,uses
P01212,I00016,uses
P01212,I00007,uses
P01212,I00003,uses
P01213,I00001,uses
P01214,I00006,uses
P01215,I00001,uses
P01216,I00005,uses
P01217,I00016,uses
P01218,I00016,uses
P01219,I00018,uses
P01220,I00008,uses
P01221,I00001,uses
P01222,I00001,uses
P01223,I00013,uses
P01224,I00005,uses
P01225,I00001,uses
P01226,I00016,uses
P01226,I00007,uses
P01226,I00001,uses
P01227,I00006,uses
P01228,I00001,uses
P01229,I00016,uses
P01229,I00003,uses
P01229,I00004,uses
P01229,I00001,uses
P01230,I00018,uses
P01231,I00005,uses
P01232,I00007,uses
P01233,I00001,uses
P01234,I00007,uses
P01235,I00007,uses
P01236,I00005,uses
P01237,I00016,uses
P01238,I00001,uses
P01239,I00001,uses
P01240,I00001,uses
P01241,I00001,uses
P01242,I00008,uses
P01243,I00016,uses
P01244,I00001,uses
P01245,I00005,uses
P01246,I00001,uses
P01247,I00006,uses
P01248,I00003,uses
P01248,I00004,uses
P01248,I00001,uses
P01249,I00016,uses
P01250,I00005,uses
P01250,I00006,uses
P01251,I00001,uses
P01252,I00006,uses
P01253,I00001,uses
P01254,I00018,uses
P01255,I00005,uses
P01256,I00016,uses
P01257,I00001,uses
P01258,I00006,uses
P01259,I00001,uses
P01260,I00018,uses
P01261,I00003,uses
P01261,I00004,uses
P01261,I00001,uses
P01262,I00001,uses
P01263,I00001,uses
P01264,I00007,uses
P01265,I00016,uses
P01265,I00007,uses
P01265,I00008,uses
P01265,I00003,uses
P01266,I00001,uses
P01267,I00003,uses
P01268,I00003,uses
P01269,I00005,uses
P01270,I00003,uses
P01270,I00004,uses
P01270,I00001,uses
P01271,I00007,uses
P01272,I00003,uses
P01272,I00004,uses
P01272,I00001,uses
P01273,I00001,uses
P01273,I00006,uses
P01274,I00001,uses
P01275,I00001,uses
P01276,I00006,uses
P01277,I00001,uses
P01278,I00007,uses
P01279,I00016,uses
P01280,I00017,uses
P01281,I00016,uses
P01282,I00001,uses
P01283,I00006,uses
P01284,I00005,uses
P01284,I00001,uses
P01284,I00006,uses
P01285,I00007,uses
P01286,I00003,uses
P01286,I00004,uses
P01286,I00001,uses
P01287,I00003,uses
P01288,I00001,uses
P01289,I00005,uses
P01290,I00001,uses
P01291,I00001,uses
P01292,I00016,uses
P01292,I00007,uses
P01292,I00003,uses
P01293,I00005,uses
P01294,I00003,uses
P01294,I00001,uses
P01295,I00001,uses
P01296,I00001,uses
P01297,I00006,uses
P01298,I00006,uses
P01299,I00006,uses
P01300,I00005,uses
P01301,I00005,uses
P01302,I00013,uses
P01303,I00001,uses
P01304,I00001,uses
P01305,I00011,uses
P01305,I00006,uses
P01306,I00005,uses
P01307,I00003,uses
P01308,I00006,uses
P01309,I00007,uses
P01309,I00003,uses
P01309,I00004,uses
P01309,I00001,uses
P01310,I00018,uses
P01311,I00007,uses
P01312,I00005,uses
P01313,I00006,uses
P01314,I00001,uses
P01315,I00006,uses
P01316,I00005,uses
P01317,I00001,uses
P01318,I00001,uses
P01319,I00005,uses
P01320,I00001,uses
P01321,I00007,uses
P01321,I00003,uses
P01321,I00004,uses
P01321,I00001,uses
P01322,I00007,uses
P01322,I00003,uses
P01322,I00004,uses
P01322,I00001,uses
P01323,I00018,uses
P01324,I00001,uses
P01325,I00007,uses
P01326,I00017,uses
P01327,I00006,uses
P01328,I00007,uses
P01329,I00016,uses
P01330,I00001,uses
P01331,I00007,uses
P01332,I00001,uses
P01333,I00003,uses
P01334,I00006,uses
P01335,I00001,uses
P01336,I00001,uses
P01337,I00001,uses
P01338,I00001,uses
P01339,I00007,uses
P01340,I00016,uses
P01341,I00001,uses
P01342,I00016,uses
P01343,I00007,uses
P01344,I00007,uses
P01344,I00003,uses
P01345,I00008,uses
P01345,I00001,uses
P01346,I00001,uses
P01347,I00001,uses
P01348,I00006,uses
P01349,I00006,uses
P01350,I00007,uses
P01351,I00005,uses
P01352,I00001,uses
P01353,I00001,uses
P01354,I00007,uses
P01355,I00007,uses
P01356,I00008,uses
P01357,I00007,uses
P01358,I00006,uses
P01359,I00006,uses
P01360,I00001,uses
P01361,I00001,uses
P01362,I00006,uses
P01363,I00001,uses
P01364,I00008,uses
P01365,I00007,uses
P01366,I00007,uses
P01367,I00016,uses
P01368,I00005,uses
P01369,I00001,uses
P01370,I00002,uses
P01371,I00007,uses
P01372,I00005,uses
P01373,I00001,uses
P01374,I00005,uses
P01375,I00005,uses
P01376,I00001,uses
P01377,I00003,uses
P01377,I00001,uses
P01377,I00006,uses
P01378,I00006,uses
P01379,I00017,uses
P01380,I00001,uses
P01381,I00007,uses
P01382,I00016,uses
P01383,I00006,uses
P01384,I00003,uses
P01385,I00001,uses
P01386,I00013,uses
P01387,I00005,uses
P01388,I00003,uses
P01389,I00001,uses
P01390,I00001,uses
P01391,I00005,uses
P01392,I00001,uses
P01393,I00007,uses
P01394,I00003,uses
P01395,I00007,uses
P01396,I00006,uses
P01397,I00007,uses
P01398,I00003,uses
P01398,I00004,uses
P01398,I00001,uses
P01399,I00005,uses
P01400,I00005,uses
P01401,I00005,uses
P01402,I00005,uses
P01402,I00003,uses
P01402,I00004,uses
P01402,I00001,uses
P01403,I00006,uses
P01404,I00008,uses
P01404,I00002,uses
P01404,I00006,uses
P01405,I00005,uses
P01406,I00001,uses
P01407,I00005,uses
P01408,I00005,uses
P01409,I00005,uses
P01410,I00006,uses
P01411,I00001,uses
P01412,I00005,uses
P01412,I00006,uses
P01413,I00001,uses
P01414,I00006,uses
P01415,I00007,uses
P01416,I00001,uses
P01417,I00006,uses
P01418,I00007,uses
P01419,I00005,uses
P01420,I00013,uses
P01421,I00006,uses
P01422,I00016,uses
P01423,I00016,uses
P01423,I00008,uses
P01424,I00003,uses
P01425,I00001,uses
P01426,I00007,uses
P01427,I00007,uses
P01428,I00002,uses
P01429,I00013,uses
P01429,I00006,uses
P01430,I00006,uses
P01431,I00003,uses
P01432,I00008,uses
P01433,I00003,uses
P01433,I00004,uses
P01433,I00001,uses
P01434,I00013,uses
P01435,I00003,uses
P01436,I00005,uses
P01436,I00007,uses
P01436,I00003,uses
P01436,I00006,uses
P01437,I00001,uses
P01438,I00006,uses
P01439,I00005,uses
P01440,I00001,uses
P01441,I00001,uses
P01442,I00001,uses
P01443,I00002,uses
P01444,I00005,uses
P01445,I00002,uses
P01445,I00006,uses
P01446,I00007,uses
P01447,I00005,uses
P01448,I00007,uses
P01449,I00006,uses
P01450,I00017,uses
P01450,I00003,uses
P01450,I00004,uses
P01451,I00007,uses
P01452,I00003,uses
P01452,I00004,uses
P01452,I00001,uses
P01453,I00001,uses
P01454,I00007,uses
P01455,I00005,uses
P01456,I00003,uses
P01456,I00004,uses
P01456,I00001,uses
P01457,I00001,uses
P01458,I00016,uses
P01459,I00008,uses
P01460,I00001,uses
P01460,I00006,uses
P01461,I00005,uses
P01462,I00016,uses
P01463,I00016,uses
P01464,I00005,uses
P01465,I00005,uses
P01466,I00003,uses
P01466,I00001,uses
P01467,I00006,uses
P01468,I00007,uses
P01469,I00001,uses
P01470,I00016,uses
P01471,I00016,uses
P01472,I00013,uses
P01472,I00005,uses
P01473,I00016,uses
P01474,I00016,uses
P01475,I00001,uses
P01476,I00008,uses
P01477,I00007,uses
P01478,I00016,uses
P01478,I00001,uses
P01479,I00016,uses
P01480,I00016,uses
P01481,I00007,uses
P01482,I00013,uses
P01482,I00005,uses
P01482,I00003,uses
P01482,I00006,uses
P01483,I00006,uses
P01484,I00005,uses
P01485,I00005,uses
P01485,I00006,uses
P01486,I00007,uses
P01487,I00003,uses
P01487,I00006,uses
P01488,I00002,uses
P01488,I00006,uses
P01489,I00006,uses
P01490,I00007,uses
P01491,I00007,uses
P01492,I00016,uses
P01493,I00007,uses
P01494,I00016,uses
P01495,I00003,uses
P01495,I00001,uses
P01496,I00006,uses
P01497,I00007,uses
P01498,I00018,uses
P01499,I00007,uses
P01500,I00007,uses
P01501,I00001,uses
P01502,I00008,uses
P01503,I00005,uses
P01504,I00003,uses
P01505,I00007,uses
P01505,I00003,uses
P01505,I00004,uses
P01505,I00001,uses
P01506,I00005,uses
P01507,I00001,uses
P01508,I00001,uses
P01509,I00001,uses
P01510,I00007,uses
P01511,I00005,uses
P01512,I00007,uses
P01513,I00008,uses
P01514,I00005,uses
P01515,I00001,uses
P01516,I00001,uses
P01517,I00001,uses
P01518,I00005,uses
P01519,I00001,uses
P01520,I00001,uses
P01521,I00001,uses
P01522,I00005,uses
P01523,I00007,uses
P01524,I00005,uses
P01525,I00001,uses
P01526,I00007,uses
P01526,I00001,uses
P01527,I00001,uses
P01528,I00005,uses
P01529,I00005,uses
P01530,I00008,uses
P01531,I00018,uses
P01532,I00007,uses
P01533,I00016,uses
P01533,I00007,uses
P01534,I00003,uses
P01535,I00001,uses
P01536,I00001,uses
P01537,I00001,uses
P01538,I00013,uses
P01539,I00016,uses
P01540,I00016,uses
P01541,I00007,uses
P01542,I00007,uses
P01543,I00013,uses
P01543,I00003,uses
P01543,I00004,uses
P01543,I00001,uses
P01544,I00013,uses
P01544,I00005,uses
P01545,I00007,uses
P01546,I00002,uses
P01546,I00006,uses
P01547,I00001,uses
P01548,I00003,uses
P01548,I00004,uses
P01548,I00001,uses
P01548,I00006,uses
P01549,I00003,uses
P01550,I00001,uses
P01551,I00008,uses
P01552,I00001,uses
P01553,I00001,uses
P01554,I00007,uses
P01555,I00017,uses
P01555,I00015,uses
P01555,I00003,uses
P01556,I00003,uses
P01556,I00006,uses
P01557,I00005,uses
P01558,I00016,uses
P01559,I00005,uses
P01560,I00006,uses
P01561,I00007,uses
P01562,I00001,uses
P01563,I00001,uses
P01564,I00001,uses
P01565,I00013,uses
P01565,I00005,uses
P01565,I00008,uses
P01566,I00007,uses
P01567,I00003,uses
P01567,I00004,uses
P01567,I00001,uses
P01568,I00003,uses
P01568,I00004,uses
P01568,I00001,uses
P01569,I00007,uses
P01570,I00007,uses
P01571,I00001,uses
P01572,I00005,uses
P01573,I00006,uses
P01574,I00001,uses
P01575,I00001,uses
P01576,I00001,uses
P01577,I00001,uses
P01578,I00005,uses
P01578,I00006,uses
P01579,I00001,uses
P01580,I00013,uses
P01581,I00005,uses
P01582,I00005,uses
P01582,I00006,uses
P01583,I00013,uses
P01583,I00005,uses
P01584,I00005,uses
P01585,I00017,uses
P01586,I00006,uses
P01587,I00007,uses
P01588,I00018,uses
P01589,I00003,uses
P01590,I00003,uses
P01590,I00004,uses
P01590,I00001,uses
P01591,I00016,uses
P01591,I00008,uses
P01591,I00003,uses
P01591,I00004,uses
P01591,I00001,uses
P01592,I00005,uses
P01593,I00013,uses
P01593,I00005,uses
P01593,I00007,uses
P01593,I00003,uses
P01593,I00004,uses
P01593,I00001,uses
P01594,I00007,uses
P01595,I00007,uses
P01595,I00001,uses
P01596,I00001,uses
P01597,I00003,uses
P01597,I00004,uses
P01597,I00001,uses
P01597,I00006,uses
P01598,I00001,uses
P01599,I00007,uses
P01600,I00005,uses
P01601,I00017,uses
P01602,I00006,uses
P01603,I00006,uses
P01604,I00005,uses
P01604,I00006,uses
P01605,I00006,uses
P01606,I00006,uses
P01607,I00005,uses
P01607,I00003,uses
P01608,I00005,uses
P01609,I00006,uses
P01610,I00006,uses
P01611,I00007,uses
P01611,I00003,uses
P01612,I00016,uses
P01612,I00007,uses
P01612,I00003,uses
P01612,I00004,uses
P01612,I00001,uses
P01613,I00007,uses
P01614,I00005,uses
P01615,I00005,uses
P01615,I00002,uses
P01615,I00018,uses
P01616,I00007,uses
P01617,I00005,uses
P01618,I00007,uses
P01619,I00008,uses
P01619,I00003,uses
P01619,I00004,uses
P01619,I00001,uses
P01620,I00016,uses
P01621,I00016,uses
P01622,I00001,uses
P01623,I00016,uses
P01624,I00001,uses
P01625,I00002,uses
P01626,I00001,uses
P01627,I00003,uses
P01628,I00006,uses
P01629,I00005,uses
P01629,I00006,uses
P01630,I00003,uses
P01630,I00004,uses
P01630,I00001,uses
P01630,I00006,uses
P01631,I00013,uses
P01631,I00005,uses
P01632,I00016,uses
P01633,I00007,uses
P01634,I00001,uses
P01635,I00001,uses
P01636,I00006,uses
P01637,I00007,uses
P01638,I00001,uses
P01639,I00010,uses
P01639,I00013,uses
P01639,I00005,uses
P01639,I00016,uses
P01639,I00007,uses
P01639,I00008,uses
P01640,I00001,uses
P01641,I00016,uses
P01641,I00008,uses
P01641,I00003,uses
P01641,I00004,uses
P01641,I00001,uses
P01642,I00005,uses
P01643,I00007,uses
P01644,I00016,uses
P01645,I00005,uses
P01646,I00007,uses
P01647,I00001,uses
P01648,I00006,uses
P01649,I00005,uses
P01649,I00008,uses
P01649,I00003,uses
P01649,I00004,uses
P01649,I00001,uses
P01650,I00007,uses
P01651,I00007,uses
P01652,I00003,uses
P01652,I00001,uses
P01653,I00005,uses
P01654,I00005,uses
P01655,I00001,uses
P01656,I00005,uses
P01657,I00007,uses
P01658,I00006,uses
P01659,I00007,uses
P01660,I00004,uses
P01660,I00001,uses
P01661,I00003,uses
P01661,I00001,uses
P01662,I00001,uses
P01663,I00003,uses
P01664,I00001,uses
P01665,I00005,uses
P01666,I00005,uses
P01667,I00007,uses
P01668,I00017,uses
P01669,I00016,uses
P01670,I00001,uses
P01671,I00006,uses
P01672,I00006,uses
P01673,I00005,uses
P01674,I00006,uses
P01675,I00003,uses
P01675,I00004,uses
P01676,I00018,uses
P01677,I00018,uses
P01678,I00003,uses
P01679,I00005,uses
P01680,I00006,uses
P01681,I00018,uses
P01682,I00001,uses
P01683,I00003,uses
P01684,I00006,uses
P01685,I00007,uses
P01686,I00005,uses
P01686,I00002,uses
P01686,I00003,uses
P01686,I00004,uses
P01686,I00001,uses
P01686,I00006,uses
P01687,I00003,uses
P01688,I00002,uses
P01688,I00006,uses
P01689,I00001,uses
P01690,I00016,uses
P01690,I00007,uses
P01691,I00007,uses
P01692,I00001,uses
P01693,I00001,uses
P01694,I00016,uses
P01695,I00005,uses
P01696,I00001,uses
P01697,I00006,uses
P01698,I00001,uses
P01699,I00001,uses
P01700,I00001,uses
P01701,I00001,uses
P01702,I00016,uses
P01703,I00016,uses
P01704,I00001,uses
P01705,I00016,uses
P01706,I00003,uses
P01706,I00006,uses
P01707,I00006,uses
P01708,I00007,uses
P01709,I00018,uses
P01710,I00005,uses
P01711,I00017,uses
P01711,I00015,uses
P01711,I00003,uses
P01711,I00004,uses
P01712,I00016,uses
P01713,I00001,uses
P01714,I00007,uses
P01715,I00001,uses
P01716,I00001,uses
P01717,I00013,uses
P01717,I00005,uses
P01717,I00006,uses
P01718,I00006,uses
P01719,I00006,uses
P01720,I00013,uses
P01721,I00007,uses
P01722,I00003,uses
P01722,I00004,uses
P01722,I00001,uses
P01723,I00017,uses
P01724,I00005,uses
P01725,I00005,uses
P01725,I00003,uses
P01726,I00016,uses
P01726,I00003,uses
P01726,I00004,uses
P01726,I00001,uses
P01727,I00016,uses
P01728,I00005,uses
P01729,I00003,uses
P01729,I00001,uses
P01730,I00016,uses
P01731,I00005,uses
P01732,I00007,uses
P01733,I00001,uses
P01734,I00007,uses
P01735,I00005,uses
P01736,I00007,uses
P01737,I00001,uses
P01738,I00008,uses
P01739,I00001,uses
P01740,I00003,uses
P01741,I00001,uses
P01742,I00007,uses
P01743,I00006,uses
P01744,I00005,uses
P01745,I00005,uses
P01745,I00006,uses
P01746,I00005,uses
P01747,I00005,uses
P01748,I00006,uses
P01749,I00005,uses
P01750,I00001,uses
P01751,I00001,uses
P01752,I00007,uses
P01753,I00001,uses
P01754,I00007,uses
P01754,I00001,uses
P01755,I00007,uses
P01756,I00001,uses
P01757,I00002,uses
P01758,I00006,uses
P01759,I00007,uses
P01760,I00006,uses
P01761,I00001,uses
P01762,I00005,uses
P01763,I00015,uses
P01764,I00001,uses
P01765,I00017,uses
P01766,I00003,uses
P01766,I00004,uses
P01766,I00001,uses
P01767,I00001,uses
P01768,I00001,uses
P01768,I00006,uses
P01769,I00006,uses
P01770,I00018,uses
P01771,I00001,uses
P01772,I00016,uses
P01773,I00001,uses
P01774,I00005,uses
P01774,I00003,uses
P01775,I00017,uses
P01775,I00003,uses
P01775,I00004,uses
P01776,I00005,uses
P01777,I00001,uses
P01778,I00007,uses
P01779,I00016,uses
P01780,I00016,uses
P01780,I00003,uses
P01781,I00007,uses
P01782,I00005,uses
P01782,I00008,uses
P01783,I00007,uses
P01784,I00003,uses
P01785,I00001,uses
P01786,I00001,uses
P01787,I00018,uses
P01788,I00001,uses
P01789,I00005,uses
P01790,I00005,uses
P01791,I00001,uses
P01792,I00001,uses
P01793,I00013,uses
P01793,I00005,uses
P01793,I00006,uses
P01794,I00006,uses
P01795,I00001,uses
P01796,I00001,uses
P01797,I00017,uses
P01797,I00015,uses
P01797,I00003,uses
P01798,I00006,uses
P01799,I00001,uses
P01800,I00001,uses
P01801,I00016,uses
P01802,I00016,uses
P01803,I00016,uses
P01804,I00001,uses
P01805,I00001,uses
P01806,I00005,uses
P01806,I00003,uses
P01807,I00001,uses
P01808,I00003,uses
P01808,I00004,uses
P01808,I00001,uses
P01809,I00001,uses
P01810,I00006,uses
P01811,I00002,uses
P01812,I00017,uses
P01812,I00015,uses
P01813,I00005,uses
P01814,I00007,uses
P01815,I00018,uses
P01816,I00016,uses
P01817,I00007,uses
P01817,I00003,uses
P01817,I00006,uses
P01818,I00005,uses
P01819,I00001,uses
P01820,I00005,uses
P01821,I00007,uses
P01822,I00006,uses
P01823,I00003,uses
P01823,I00004,uses
P01823,I00001,uses
P01824,I00005,uses
P01825,I00007,uses
P01825,I00003,uses
P01825,I00004,uses
P01825,I00001,uses
P01826,I00016,uses
P01827,I00001,uses
P01828,I00005,uses
P01829,I00016,uses
P01830,I00007,uses
P01831,I00003,uses
P01832,I00016,uses
P01833,I00016,uses
P01834,I00007,uses
P01835,I00007,uses
P01836,I00006,uses
P01837,I00001,uses
P01838,I00005,uses
P01839,I00006,uses
P01840,I00005,uses
P01841,I00005,uses
P01842,I00001,uses
P01843,I00006,uses
P01844,I00001,uses
P01845,I00007,uses
P01846,I00001,uses
P01847,I00001,uses
P01848,I00007,uses
P01849,I00001,uses
P01850,I00006,uses
P01851,I00005,uses
P01852,I00001,uses
P01853,I00007,uses
P01854,I00001,uses
P01855,I00005,uses
P01856,I00001,uses
P01857,I00006,uses
P01858,I00001,uses
P01859,I00001,uses
P01860,I00001,uses
P01861,I00006,uses
P01862,I00006,uses
P01863,I00001,uses
P01864,I00017,uses
P01864,I00015,uses
P01865,I00016,uses
P01866,I00003,uses
P01867,I00002,uses
P01868,I00006,uses
P01869,I00006,uses
P01870,I00006,uses
P01871,I00007,uses
P01872,I00016,uses
P01873,I00001,uses
P01874,I00007,uses
P01875,I00001,uses
P01876,I00003,uses
P01877,I00007,uses
P01878,I00001,uses
P01879,I00005,uses
P01880,I00001,uses
P01880,I00006,uses
P01881,I00003,uses
P01881,I00018,uses
P01882,I00003,uses
P01882,I00001,uses
P01882,I00006,uses
P01883,I00016,uses
P01884,I00006,uses
P01885,I00016,uses
P01886,I00016,uses
P01886,I00006,uses
P01887,I00007,uses
P01888,I00016,uses
P01889,I00001,uses
P01890,I00002,uses
P01891,I00001,uses
P01892,I00001,uses
P01893,I00001,uses
P01893,I00006,uses
P01894,I00016,uses
P01894,I00008,uses
P01894,I00003,uses
P01895,I00017,uses
P01896,I00005,uses
P01897,I00007,uses
P01898,I00007,uses
P01899,I00001,uses
P01900,I00001,uses
P01901,I00016,uses
P01902,I00016,uses
P01903,I00001,uses
P01904,I00016,uses
P01905,I00001,uses
P01906,I00001,uses
P01907,I00003,uses
P01907,I00004,uses
P01907,I00001,uses
P01908,I00018,uses
P01909,I00003,uses
P01909,I00001,uses
P01910,I00005,uses
P01911,I00015,uses
P01912,I00001,uses
P01913,I00014,uses
P01913,I00002,uses
P01913,I00003,uses
P01913,I00004,uses
P01913,I00001,uses
P01913,I00006,uses
P01914,I00006,uses
P01915,I00006,uses
P01916,I00001,uses
P01917,I00001,uses
P01918,I00001,uses
P01919,I00001,uses
P01920,I00016,uses
P01921,I00007,uses
P01922,I00005,uses
P01923,I00007,uses
P01924,I00016,uses
P01925,I00018,uses
P01926,I00016,uses
P01927,I00002,uses
P01927,I00006,uses
P01927,I00018,uses
P01928,I00001,uses
P01929,I00001,uses
P01930,I00001,uses
P01931,I00002,uses
P01931,I00006,uses
P01932,I00001,uses
P01933,I00003,uses
P01933,I00004,uses
P01933,I00001,uses
P01934,I00017,uses
P01934,I00015,uses
P01934,I00006,uses
P01935,I00007,uses
P01936,I00007,uses
P01937,I00016,uses
P01938,I00001,uses
P01939,I00016,uses
P01940,I00005,uses
P01941,I00001,uses
P01942,I00003,uses
P01942,I00004,uses
P01942,I00001,uses
P01943,I00003,uses
P01944,I00018,uses
P01945,I00008,uses
P01946,I00007,uses
P01947,I00007,uses
P01948,I00018,uses
P01949,I00001,uses
P01950,I00005,uses
P01951,I00001,uses
P01952,I00005,uses
P01953,I00005,uses
P01953,I00001,uses
P01954,I00016,uses
P01955,I00001,uses
P01955,I00006,uses
P01956,I00013,uses
P01957,I00005,uses
P01958,I00001,uses
P01959,I00001,uses
P01960,I00007,uses
P01961,I00016,uses
P01962,I00005,uses
P01963,I00016,uses
P01964,I00016,uses
P01965,I00016,uses
P01966,I00007,uses
P01967,I00013,uses
P01967,I00008,uses
P01967,I00003,uses
P01968,I00005,uses
P01969,I00002,uses
P01970,I00007,uses
P01971,I00001,uses
P01972,I00016,uses
P01973,I00001,uses
P01974,I00003,uses
P01974,I00001,uses
P01975,I00013,uses
P01975,I00005,uses
P01976,I00007,uses
P01976,I00006,uses
P01977,I00005,uses
P01978,I00001,uses
P01979,I00017,uses
P01980,I00001,uses
P01981,I00002,uses
P01982,I00013,uses
P01982,I00005,uses
P01982,I00003,uses
P01982,I00006,uses
P01983,I00005,uses
P01984,I00007,uses
P01985,I00016,uses
P01986,I00007,uses
P01987,I00007,uses
P01988,I00001,uses
P01989,I00005,uses
P01989,I00006,uses
P01990,I00006,uses
P01991,I00016,uses
P01992,I00001,uses
P01993,I00003,uses
P01993,I00004,uses
P01993,I00001,uses
P01994,I00008,uses
P01995,I00001,uses
P01996,I00006,uses
P01997,I00005,uses
P01998,I00016,uses
P01998,I00008,uses
P01999,I00001,uses
P02000,I00003,uses
P02000,I00004,uses
P02000,I00001,uses
P02001,I00018,uses
P02002,I00005,uses
P02003,I00005,uses
P02004,I00005,uses
P02005,I00001,uses
P02006,I00001,uses
P02007,I00003,uses
P02007,I00004,uses
P02007,I00001,uses
P02007,I00006,uses
P02008,I00007,uses
P02009,I00006,uses
P02010,I00005,uses
P02011,I00016,uses
P02011,I00003,uses
P02011,I00004,uses
P02011,I00001,uses
P02012,I00001,uses
P02013,I00005,uses
P02014,I00002,uses
P02015,I00005,uses
P02016,I00005,uses
P02016,I00002,uses
P02017,I00007,uses
P02018,I00017,uses
P02018,I00015,uses
P02018,I00006,uses
P02019,I00003,uses
P02019,I00004,uses
P02019,I00001,uses
P02020,I00006,uses
P02021,I00006,uses
P02022,I00016,uses
P02023,I00005,uses
P02024,I00016,uses
P02025,I00006,uses
P02026,I00001,uses
P02027,I00013,uses
P02027,I00005,uses
P02028,I00001,uses
P02029,I00006,uses
P02030,I00002,uses
P02030,I00018,uses
P02031,I00006,uses
P02032,I00003,uses
P02032,I00004,uses
P02032,I00001,uses
P02033,I00005,uses
P02034,I00005,uses
P02035,I00005,uses
P02036,I00005,uses
P02037,I00007,uses
P02038,I00018,uses
P02039,I00007,uses
P02040,I00013,uses
P02040,I00005,uses
P02041,I00001,uses
P02042,I00001,uses
P02043,I00003,uses
P02043,I00001,uses
P02043,I00006,uses
P02044,I00007,uses
P02045,I00008,uses
P02046,I00006,uses
P02047,I00007,uses
P02047,I00003,uses
P02048,I00006,uses
P02049,I00001,uses
P02050,I00006,uses
P02051,I00005,uses
P02052,I00001,uses
P02053,I00002,uses
P02054,I00001,uses
P02055,I00003,uses
P02056,I00007,uses
P02057,I00003,uses
P02057,I00004,uses
P02057,I00001,uses
P02058,I00003,uses
P02059,I00007,uses
P02060,I00001,uses
P02061,I00001,uses
P02062,I00007,uses
P02063,I00001,uses
P02064,I00016,uses
P02065,I00015,uses
P02066,I00006,uses
P02067,I00001,uses
P02068,I00001,uses
P02069,I00016,uses
P02069,I00017,uses
P02069,I00015,uses
P02070,I00017,uses
P02070,I00015,uses
P02070,I00006,uses
P02071,I00007,uses
P02072,I00003,uses
P02072,I00001,uses
P02072,I00018,uses
P02073,I00008,uses
P02073,I00019,uses
P02073,I00003,uses
P02074,I00005,uses
P02075,I00007,uses
P02076,I00001,uses
P02077,I00016,uses
P02078,I00016,uses
P02078,I00007,uses
P02079,I00005,uses
P02080,I00003,uses
P02080,I00004,uses
P02080,I00001,uses
P02081,I00009,uses
P02082,I00008,uses
P02083,I00001,uses
P02084,I00007,uses
P02085,I00001,uses
P02086,I00016,uses
P02087,I00016,uses
P02088,I00016,uses
P02089,I00005,uses
P02090,I00016,uses
P02091,I00016,uses
P02092,I00006,uses
P02093,I00018,uses
P02094,I00018,uses
P02095,I00007,uses
P02096,I00010,uses
P02097,I00002,uses
P02098,I00006,uses
P02099,I00006,uses
P02100,I00016,uses
P02101,I00007,uses
P02102,I00001,uses
P02103,I00005,uses
P02104,I00016,uses
P02104,I00003,uses
P02104,I00004,uses
P02104,I00001,uses
P02105,I00006,uses
P02106,I00003,uses
P02106,I00004,uses
P02107,I00001,uses
P02108,I00001,uses
P02109,I00007,uses
P02110,I00011,uses
P02110,I00006,uses
P02111,I00001,uses
P02112,I00018,uses
P02113,I00016,uses
P02114,I00002,uses
P02115,I00001,uses
P02116,I00017,uses
P02116,I00015,uses
P02117,I00005,uses
P02118,I00001,uses
P02119,I00001,uses
P02120,I00007,uses
P02120,I00017,uses
P02121,I00001,uses
P02122,I00007,uses
P02123,I00003,uses
P02123,I00004,uses
P02123,I00006,uses
P02124,I00016,uses
P02125,I00003,uses
P02126,I00001,uses
P02126,I00006,uses
P02127,I00003,uses
P02127,I00004,uses
P02127,I00001,uses
P02128,I00001,uses
P02129,I00006,uses
P02130,I00003,uses
P02131,I00001,uses
P02132,I00005,uses
P02132,I00006,uses
P02133,I00001,uses
P02134,I00007,uses
P02135,I00013,uses
P02136,I00001,uses
P02137,I00002,uses
P02138,I00002,uses
P02139,I00007,uses
P02140,I00001,uses
P02141,I00002,uses
P02142,I00007,uses
P02142,I00017,uses
P02142,I00015,uses
P02142,I00003,uses
P02143,I00017,uses
P02143,I00015,uses
P02144,I00007,uses
P02145,I00006,uses
P02146,I00018,uses
P02147,I00016,uses
P02148,I00007,uses
P02149,I00005,uses
P02149,I00003,uses
P02150,I00001,uses
P02151,I00006,uses
P02152,I00016,uses
P02152,I00008,uses
P02153,I00005,uses
P02154,I00006,uses
P02155,I00005,uses
P02155,I00003,uses
P02155,I00004,uses
P02155,I00001,uses
P02156,I00001,uses
P02157,I00006,uses
P02158,I00001,uses
P02159,I00007,uses
P02160,I00001,uses
P02161,I00016,uses
P02161,I00008,uses
P02162,I00001,uses
P02163,I00001,uses
P02164,I00001,uses
P02165,I00006,uses
P02166,I00016,uses
P02167,I00001,uses
P02168,I00001,uses
P02169,I00006,uses
P02170,I00001,uses
P02171,I00016,uses
P02171,I00001,uses
P02172,I00007,uses
P02173,I00005,uses
P02174,I00001,uses
P02175,I00001,uses
P02176,I00001,uses
P02177,I00016,uses
P02178,I00005,uses
P02179,I00016,uses
P02180,I00001,uses
P02181,I00001,uses
P02182,I00013,uses
P02182,I00005,uses
P02183,I00013,uses
P02184,I00007,uses
P02185,I00001,uses
P02186,I00003,uses
P02186,I00006,uses
P02187,I00003,uses
P02188,I00016,uses
P02188,I00007,uses
P02189,I00003,uses
P02189,I00001,uses
P02190,I00001,uses
P02191,I00007,uses
P02192,I00007,uses
P02193,I00007,uses
P02193,I00006,uses
P02194,I00001,uses
P02195,I00001,uses
P02196,I00001,uses
P02197,I00005,uses
P02198,I00005,uses
P02199,I00002,uses
P02200,I00005,uses
P02200,I00008,uses
P02201,I00006,uses
P02202,I00001,uses
P02203,I00001,uses
P02204,I00001,uses
P02205,I00005,uses
P02206,I00005,uses
P02207,I00001,uses
P02208,I00005,uses
P02209,I00001,uses
P02210,I00001,uses
P02211,I00016,uses
P02212,I00016,uses
P02213,I00001,uses
P02214,I00007,uses
P02215,I00007,uses
P02215,I00003,uses
P02216,I00003,uses
P02216,I00004,uses
P02216,I00001,uses
P02217,I00001,uses
P02218,I00001,uses
P02219,I00008,uses
P02220,I00007,uses
P02221,I00016,uses
P02222,I00016,uses
P02223,I00007,uses
P02224,I00013,uses
P02224,I00003,uses
P02224,I00004,uses
P02224,I00001,uses
P02225,I00005,uses
P02226,I00002,uses
P02226,I00006,uses
P02227,I00007,uses
P02228,I00008,uses
P02228,I00015,uses
P02228,I00006,uses
P02228,I00018,uses
P02229,I00018,uses
P02230,I00018,uses
P02231,I00006,uses
P02232,I00003,uses
P02232,I00004,uses
P02232,I00001,uses
P02233,I00001,uses
P02234,I00007,uses
P02235,I00001,uses
P02236,I00001,uses
P02237,I00005,uses
P02238,I00007,uses
P02238,I00017,uses
P02238,I00015,uses
P02239,I00016,uses
P02240,I00007,uses
P02241,I00016,uses
P02242,I00003,uses
P02242,I00001,uses
P02243,I00010,uses
P02244,I00016,uses
P02245,I00005,uses
P02246,I00005,uses
P02247,I00013,uses
P02247,I00005,uses
P02247,I00007,uses
P02247,I00003,uses
P02247,I00004,uses
P02247,I00001,uses
P02248,I00006,uses
P02249,I00001,uses
P02250,I00002,uses
P02251,I00003,uses
P02251,I00004,uses
P02251,I00001,uses
P02252,I00006,uses
P02253,I00003,uses
P02254,I00005,uses
P02254,I00003,uses
P02254,I00004,uses
P02254,I00001,uses
P02255,I00003,uses
P02255,I00004,uses
P02255,I00001,uses
P02256,I00006,uses
P02257,I00005,uses
P02258,I00006,uses
P02259,I00005,uses
P02260,I00002,uses
P02260,I00003,uses
P02260,I00006,uses
P02261,I00003,uses
P02261,I00001,uses
P02261,I00006,uses
P02262,I00001,uses
P02263,I00001,uses
P02264,I00001,uses
P02265,I00006,uses
P02266,I00005,uses
P02267,I00006,uses
P02268,I00003,uses
P02268,I00004,uses
P02268,I00001,uses
P02269,I00001,uses
P02270,I00005,uses
P02271,I00005,uses
P02272,I00005,uses
P02273,I00001,uses
P02273,I00006,uses
P02274,I00001,uses
P02275,I00003,uses
P02275,I00001,uses
P02276,I00007,uses
P02276,I00003,uses
P02277,I00006,uses
P02278,I00005,uses
P02279,I00013,uses
P02279,I00003,uses
P02280,I00001,uses
P02281,I00016,uses
P02282,I00003,uses
P02282,I00006,uses
P02283,I00018,uses
P02284,I00018,uses
P02285,I00018,uses
P02286,I00003,uses
P02287,I00005,uses
P02288,I00003,uses
P02288,I00004,uses
P02288,I00001,uses
P02289,I00016,uses
P02290,I00016,uses
P02291,I00016,uses
P02292,I00016,uses
P02293,I00001,uses
P02294,I00001,uses
P02295,I00016,uses
P02296,I00001,uses
P02297,I00016,uses
P02298,I00007,uses
P02299,I00003,uses
P02300,I00016,uses
P02301,I00007,uses
P02302,I00002,uses
P02303,I00016,uses
P02304,I00002,uses
P02305,I00013,uses
P02306,I00001,uses
P02307,I00016,uses
P02308,I00002,uses
P02308,I00006,uses
P02308,I00018,uses
P02309,I00001,uses
P02310,I00003,uses
P02310,I00004,uses
P02310,I00001,uses
P02311,I00006,uses
P02312,I00002,uses
P02313,I00006,uses
P02314,I00001,uses
P02314,I00006,uses
P02315,I00007,uses
P02316,I00016,uses
P02316,I00007,uses
P02317,I00001,uses
P02318,I00001,uses
P02319,I00006,uses
P02320,I00016,uses
P02321,I00006,uses
P02322,I00005,uses
P02323,I00001,uses
P02323,I00006,uses
P02324,I00006,uses
P02325,I00007,uses
P02326,I00007,uses
P02327,I00015,uses
P02327,I00002,uses
P02327,I00018,uses
P02328,I00002,uses
P02329,I00001,uses
P02330,I00005,uses
P02331,I00001,uses
P02332,I00001,uses
P02333,I00016,uses
P02334,I00001,uses
P02335,I00002,uses
P02335,I00003,uses
P02335,I00004,uses
P02335,I00001,uses
P02335,I00006,uses
P02335,I00018,uses
P02336,I00016,uses
P02337,I00016,uses
P02338,I00006,uses
P02339,I00007,uses
P02340,I00003,uses
P02341,I00002,uses
P02342,I00016,uses
P02343,I00001,uses
P02344,I00001,uses
P02345,I00001,uses
P02345,I00006,uses
P02346,I00008,uses
P02347,I00001,uses
P02348,I00001,uses
P02349,I00001,uses
P02350,I00016,uses
P02351,I00018,uses
P02352,I00001,uses
P02353,I00007,uses
P02354,I00007,uses
P02355,I00001,uses
P02355,I00006,uses
P02356,I00013,uses
P02356,I00005,uses
P02357,I00007,uses
P02358,I00015,uses
P02358,I00002,uses
P02358,I00018,uses
P02359,I00016,uses
P02360,I00007,uses
P02361,I00005,uses
P02362,I00007,uses
P02363,I00016,uses
P02364,I00003,uses
P02364,I00004,uses
P02364,I00001,uses
P02365,I00001,uses
P02365,I00006,uses
P02366,I00001,uses
P02367,I00018,uses
P02368,I00018,uses
P02369,I00016,uses
P02369,I00001,uses
P02370,I00006,uses
P02371,I00007,uses
P02372,I00001,uses
P02373,I00008,uses
P02374,I00006,uses
P02375,I00013,uses
P02376,I00007,uses
P02377,I00001,uses
P02378,I00001,uses
P02379,I00016,uses
P02379,I00001,uses
P02380,I00003,uses
P02381,I00005,uses
P02382,I00005,uses
P02383,I00016,uses
P02384,I00007,uses
P02385,I00006,uses
P02386,I00016,uses
P02387,I00005,uses
P02387,I00008,uses
P02388,I00002,uses
P02389,I00001,uses
P02390,I00016,uses
P02390,I00007,uses
P02391,I00007,uses
